0,1,2,3,4,5,6,7,8,9,10,11,12,13,14,15,16,17,18,19,label
1,20,63,45,324,153,3,2,323,349,868,338,147,3,1,332,509,176,0,0,Fungal infection
5,12,9,8,51,53,8,109,4,10,5,273,83,91,357,5,468,204,217,0,Pneumonia
544,101,269,294,28,80,4,6,48,7,39,143,493,93,352,212,0,0,0,0,Varicose Veins
1,11,25,27,30,56,12,9,8,2,109,577,14,38,21,6,2,80,29,0,Malaria
28,7,160,118,450,213,114,16,12,9,30,174,70,267,56,106,623,0,0,0,Typhoid
15,253,21,287,20,33,45,413,470,1123,89,746,59,1124,61,43,101,60,42,0,Arthritis
68,19,6,81,14,7,39,1183,1184,89,167,4,51,0,0,0,0,0,0,0,Hypertension
1,11,115,104,1234,479,149,78,16,100,98,97,341,382,170,0,0,0,0,0,urinary tract infection
166,48,80,67,701,702,52,700,491,269,294,28,381,61,100,315,0,0,0,0,Varicose Veins
11,236,451,388,95,270,28,46,37,50,7,499,28,171,16,127,9,0,0,0,Typhoid
68,137,50,59,15,232,347,142,188,1,2,92,79,14,199,113,36,94,0,0,Migraine
72,397,24,164,1085,377,879,216,1,41,4,513,19,17,52,97,114,21,487,0,Common Cold
1,10,5,49,108,36,1,5,146,18,22,17,4,1,209,1081,216,214,396,55,Common Cold
37,50,116,379,58,154,145,6,136,119,36,1021,411,246,0,0,0,0,0,0,Typhoid
1,104,27,30,56,12,9,8,2,109,577,14,38,21,6,2,152,0,0,0,Malaria
168,79,159,482,262,213,233,34,106,122,16,524,22,8,11,6,278,210,0,0,gastroesophageal reflux disease
13,86,171,134,23,89,55,69,65,300,335,23,23,144,71,32,0,0,0,0,Impetigo
1,10,5,33,21,15,5,59,43,166,87,132,89,156,10,59,101,5,32,0,Arthritis
165,10,224,183,34,717,169,1045,508,7,632,75,13,54,15,48,0,0,0,0,Dengue
344,74,18,407,170,118,392,105,601,2,32,22,88,1366,111,44,185,0,0,0,diabetes
180,360,617,4,94,495,182,34,182,17,44,73,375,5,42,8,4,29,17,71,Dimorphic Hemorrhoids
1,187,460,52,111,449,30,8,10,5,33,83,18,227,44,185,9,5,12,0,Common Cold
16,115,168,79,136,112,439,122,587,122,16,19,6,16,93,481,950,2,69,19,gastroesophageal reflux disease
1,53,88,128,18,238,1,41,4,125,197,217,12,9,8,10,423,83,283,0,Bronchial Asthma
11,19,6,81,14,7,39,755,214,923,0,0,0,0,0,0,0,0,0,0,Hypertension
31,6,74,18,205,54,48,152,1,94,299,473,202,81,15,17,0,0,0,0,Cervical spondylosis
1,45,11,25,3,13,90,62,430,237,354,60,3,362,4,0,0,0,0,0,Acne
1,45,75,151,13,3,902,90,138,62,3,2,239,354,0,0,0,0,0,0,Acne
44,229,28,76,764,256,69,659,36,17,4,52,111,387,431,161,98,0,0,0,urinary tract infection
1,11,94,284,219,45,20,34,44,17,1,2,11,1109,400,139,95,73,2,20,Dimorphic Hemorrhoids
230,631,384,13,26,4,138,62,90,86,3,239,4,0,0,0,0,0,0,0,Acne
31,6,665,18,254,82,152,103,140,497,15,17,0,0,0,0,0,0,0,0,Cervical spondylosis
1,413,28,172,18,67,53,165,9,12,1,41,4,125,197,217,285,916,573,8,Bronchial Asthma
173,38,569,152,64,75,9,37,58,98,179,1,75,65,13,60,1,36,35,0,Jaundice
11,21,6,14,21,6,7,39,172,35,93,492,307,1052,21,134,24,77,280,86,Dengue
3,279,333,136,330,305,54,279,69,131,32,181,200,2,280,134,306,234,5,331,Psoriasis
74,309,119,3,373,170,43,312,612,3,330,305,613,409,0,0,0,0,0,0,Psoriasis
298,1035,46,13,86,383,25,164,714,715,605,713,237,5,32,283,0,0,0,0,Impetigo
8,643,469,218,325,118,7,66,4,196,22,19,35,91,178,8,41,121,738,338,Pneumonia
151,6,145,242,1,10,5,499,8,2,11,127,9,5,158,0,0,0,0,0,Typhoid
181,200,278,210,1324,70,168,79,69,7,226,0,0,0,0,0,0,0,0,0,peptic ulcer disease
157,255,30,38,12,9,242,763,630,476,14,1,102,4,1,356,38,66,21,35,Malaria
602,39,443,3,136,408,31,442,443,291,134,603,409,483,484,0,0,0,0,0,Psoriasis
1,148,36,404,2,37,58,5,49,12,9,65,3,66,36,6,0,0,0,0,Jaundice
128,18,10,20,160,9,463,8,51,53,18,2,18,4,196,0,0,0,0,0,Bronchial Asthma
169,118,114,264,36,135,206,123,107,40,176,22,525,0,0,0,0,0,0,0,gastroesophageal reflux disease
1,11,103,88,14,19,6,81,402,186,195,2,177,0,0,0,0,0,0,0,Hypertension
1,11,104,255,38,238,2,12,9,37,58,3,76,84,65,60,36,17,0,0,Jaundice
1,11,31,6,74,18,21,82,1,11,15,6,10,241,51,544,1212,0,0,0,Cervical spondylosis
14,472,67,244,302,26,462,589,78,84,241,0,0,0,0,0,0,0,0,0,drug reaction
1,92,30,1103,18,45,1,109,891,10,703,340,33,1,2,125,179,96,19,35,Pneumonia
69,7,450,149,202,104,405,69,7,140,676,2,37,975,0,0,0,0,0,0,diabetes
1,332,12,9,52,111,327,133,1,109,358,318,10,194,33,1,2,20,125,179,Pneumonia
51,53,136,1365,8,796,109,591,873,600,170,4,0,0,0,0,0,0,0,0,diabetes
126,260,6,5,42,260,6,105,93,171,828,385,410,267,16,30,174,70,552,127,Typhoid
343,31,6,18,227,44,185,82,54,48,15,17,94,81,753,103,0,0,0,0,Cervical spondylosis
1,11,4,180,286,88,45,34,44,17,73,20,32,276,361,44,5,32,8,5,Dimorphic Hemorrhoids
40,16,148,780,32,22,618,146,133,755,23,22,2,193,4,0,0,0,0,0,gastroesophageal reflux disease
1,404,11,104,27,68,198,58,8,2,5,49,3,84,65,9,5,12,1,36,Jaundice
8,10,355,248,1,198,58,352,39,112,47,16,593,179,95,100,193,0,0,0,peptic ulcer disease
1,198,58,11,38,27,238,3,84,65,25,9,120,76,1,36,6,0,0,0,Jaundice
1,198,50,51,233,55,321,23,22,0,0,0,0,0,0,0,0,0,0,0,allergy
12,9,5,33,86,383,23,714,63,32,65,455,40,846,394,0,0,0,0,0,Impetigo
107,22,74,60,1,500,716,367,793,16,932,725,238,0,0,0,0,0,0,0,diabetes
1,104,35,19,14,227,44,185,1,10,140,345,0,0,0,0,0,0,0,0,Hypertension
68,25,26,255,30,38,1,11,1,486,102,12,9,8,10,289,2,14,5,252,Malaria
106,46,712,1,11,256,57,139,434,167,312,6,76,97,341,556,431,149,1237,335,urinary tract infection
13,48,245,144,25,84,34,225,0,0,0,0,0,0,0,0,0,0,0,0,Varicose Veins
48,80,4,29,824,16,115,143,100,315,84,20,292,0,0,0,0,0,0,0,Varicose Veins
1,10,148,108,129,2,12,9,37,58,3,76,84,65,762,36,6,1,0,0,Jaundice
75,806,13,184,55,46,712,13,131,181,200,504,3,7,393,170,0,0,0,0,Impetigo
13,3,93,809,987,608,74,243,810,40,307,811,266,3,534,0,0,0,0,0,Psoriasis
1,11,4,94,180,360,45,34,44,17,73,20,32,276,361,44,261,32,8,20,Dimorphic Hemorrhoids
635,195,1360,682,28,167,281,477,369,99,177,169,795,508,0,0,0,0,0,0,diabetes
13,3,173,207,419,7,532,43,6,563,46,70,127,9,16,30,419,308,0,0,Dengue
8,94,53,12,9,8,102,4,11,224,165,398,91,178,8,41,204,121,0,0,Pneumonia
218,31,6,18,227,44,185,82,1207,15,17,94,81,198,103,0,0,0,0,0,Cervical spondylosis
9,7,20,475,241,91,428,167,652,369,402,386,856,364,262,448,722,790,0,0,drug reaction
342,230,10,520,46,1194,211,11,14,19,6,81,87,195,186,301,106,0,0,0,Hypertension
240,1352,115,434,69,74,107,22,45,240,163,50,0,0,0,0,0,0,0,0,diabetes
218,130,141,79,14,66,199,231,113,137,163,23,15,232,189,142,188,0,0,0,Migraine
40,168,79,378,951,439,587,122,481,952,19,29,813,19,17,20,1283,0,0,0,gastroesophageal reflux disease
1,10,5,33,21,15,5,59,43,166,87,132,89,156,10,59,101,5,32,0,Arthritis
1,45,343,27,13,3,257,138,62,90,3,2,20,221,0,0,0,0,0,0,Acne
371,58,970,243,177,937,58,307,597,1339,6,29,202,107,7,363,0,0,0,0,peptic ulcer disease
45,1,11,4,1136,720,62,1137,237,1,2,218,90,0,0,0,0,0,0,0,Acne
68,231,366,137,50,32,15,662,189,201,14,2,749,130,141,79,201,14,0,0,Migraine
1,92,379,43,6,183,34,150,1047,538,508,1,2,37,50,183,7,33,7,39,Dengue
1,198,50,2,51,233,55,321,23,22,0,0,0,0,0,0,0,0,0,0,allergy
46,712,209,488,13,89,55,13,131,181,10,3,504,417,300,382,1033,170,0,0,Impetigo
1,11,30,10,129,52,111,16,496,18,18,19,35,91,7,39,357,734,735,885,Pneumonia
11,43,6,530,802,330,6,69,803,692,16,93,132,43,0,0,0,0,0,0,Psoriasis
3,89,107,55,72,24,164,69,63,42,292,531,234,0,0,0,0,0,0,0,Psoriasis
420,5,63,13,3,446,77,124,251,2,155,3,249,39,110,564,0,0,0,0,Fungal infection
352,450,590,34,159,528,679,425,1317,0,0,0,0,0,0,0,0,0,0,0,drug reaction
85,1,11,126,6,180,286,6,73,95,2,5,139,73,5,223,0,0,0,0,Dimorphic Hemorrhoids
64,927,14,199,113,240,50,59,15,471,189,142,188,36,94,258,79,346,0,0,Migraine
843,13,86,184,55,13,245,54,48,0,0,0,0,0,0,0,0,0,0,0,Impetigo
20,289,140,57,528,501,477,91,178,8,51,965,1313,262,281,110,1314,0,0,0,drug reaction
1,311,372,279,3,611,349,26,815,54,48,31,64,379,43,6,3,13,13,245,Psoriasis
115,562,149,69,523,161,7,140,69,676,2,154,1356,0,0,0,0,0,0,0,diabetes
52,250,187,8,49,108,22,5,42,4,1080,55,22,15,2,61,567,0,0,0,Common Cold
1,10,71,148,108,129,64,1,37,58,57,76,120,3,175,65,60,11,36,6,Jaundice
31,6,74,18,265,21,664,152,15,17,1,10,241,580,0,0,0,0,0,0,Cervical spondylosis
290,92,1154,246,88,39,74,18,94,53,82,391,46,0,0,0,0,0,0,0,Bronchial Asthma
1,4,51,182,229,85,5,32,389,100,95,1,2,6,350,89,73,0,0,0,Dimorphic Hemorrhoids
68,137,50,59,15,14,79,130,141,1,2,11,471,347,142,579,0,0,0,0,Migraine
21,10,881,45,15,1113,742,43,84,61,99,34,132,101,20,42,66,0,0,0,Arthritis
8,436,213,233,34,69,515,10,440,169,110,277,726,117,658,168,38,22,263,0,gastroesophageal reflux disease
24,388,72,28,216,2,356,172,640,53,20,413,1,10,129,28,247,215,223,2,Common Cold
11,25,14,131,6,282,72,37,561,202,30,174,70,0,0,0,0,0,0,0,Dengue
11,12,9,30,174,70,5,331,267,419,7,39,112,114,31,54,48,6,4,222,Dengue
24,805,3,89,107,55,72,40,310,190,45,332,32,0,0,0,0,0,0,0,Psoriasis
324,119,3,5,310,60,155,459,509,153,124,338,147,3,0,0,0,0,0,0,Fungal infection
651,230,381,363,13,3,270,90,62,903,237,3,2,239,0,0,0,0,0,0,Acne
43,11,540,29,60,1,209,446,3,279,611,333,26,8,411,377,444,26,0,0,Psoriasis
1,11,4,27,131,13,448,500,93,28,2,323,119,3,124,338,147,1,1068,270,Fungal infection
1,128,14,220,290,105,93,131,260,35,126,236,0,0,0,0,0,0,0,0,Typhoid
218,31,6,665,18,82,21,15,23,94,81,345,103,0,0,0,0,0,0,0,Cervical spondylosis
3,89,191,48,24,164,382,381,61,100,315,5,158,0,0,0,0,0,0,0,Varicose Veins
15,71,253,21,10,71,33,34,132,89,156,144,59,259,61,43,101,2,71,42,Arthritis
116,3,13,86,291,416,23,505,334,65,558,300,337,23,414,0,0,0,0,0,Impetigo
145,6,115,5,32,126,56,2,1018,8,20,158,246,0,0,0,0,0,0,0,Typhoid
478,100,47,7,289,478,40,348,9,28,0,0,0,0,0,0,0,0,0,0,urinary tract infection
441,677,788,489,8,11,441,154,442,74,27,678,144,93,3,2,144,5,74,0,drug reaction
51,445,299,380,36,35,284,219,7,423,371,50,135,7,5,687,0,0,0,0,peptic ulcer disease
116,314,48,542,32,331,0,0,0,0,0,0,0,0,0,0,0,0,0,0,Varicose Veins
98,40,421,97,1260,24,179,115,208,26,57,397,266,1261,70,0,0,0,0,0,urinary tract infection
68,366,94,240,50,23,15,522,189,201,14,2,11,130,141,79,115,472,201,296,Migraine
68,137,50,59,15,232,347,142,188,1,2,79,14,199,113,130,141,0,0,0,Migraine
45,209,25,3,13,90,62,275,237,879,60,3,20,223,0,0,0,0,0,0,Acne
731,4,58,697,124,161,124,50,0,0,0,0,0,0,0,0,0,0,0,0,drug reaction
40,79,168,136,112,439,587,122,19,17,955,956,8,516,60,19,17,4,0,0,gastroesophageal reflux disease
3,817,151,13,85,90,138,62,899,60,3,362,4,0,0,0,0,0,0,0,Acne
3,75,1134,13,138,62,90,354,3,2,5,221,0,0,0,0,0,0,0,0,Acne
8,87,28,53,7,5,42,8,109,4,389,4,96,22,19,17,91,357,468,121,Pneumonia
169,118,114,264,36,135,206,123,107,40,525,176,22,0,0,0,0,0,0,0,gastroesophageal reflux disease
4,27,3,78,16,5,24,395,2,153,124,251,147,3,78,16,110,155,249,39,Fungal infection
127,57,100,98,167,17,348,135,40,202,25,1236,405,149,60,1,11,408,31,35,urinary tract infection
11,5,104,27,26,68,504,155,3,2,446,153,124,251,147,3,78,16,457,249,Fungal infection
224,255,933,238,474,64,75,9,37,58,98,179,1,75,65,13,60,1,36,35,Jaundice
22,107,74,1,2,10,367,367,78,7,20,49,0,0,0,0,0,0,0,0,diabetes
21,20,33,15,5,59,43,61,99,34,150,156,10,59,101,2,5,42,0,0,Arthritis
1,10,148,108,129,2,12,9,37,58,3,76,84,65,762,36,6,1,0,0,Jaundice
11,346,79,14,199,231,113,66,137,163,59,15,232,189,142,188,0,0,0,0,Migraine
115,161,149,110,764,6,434,477,139,76,157,829,76,667,6,256,9,38,56,0,urinary tract infection
3,192,84,164,24,48,17,492,225,545,296,0,0,0,0,0,0,0,0,0,Varicose Veins
1202,115,14,199,113,240,50,59,15,662,189,142,188,36,94,258,79,346,0,0,Migraine
101,413,143,192,823,382,295,698,8,49,0,0,0,0,0,0,0,0,0,0,Varicose Veins
1,11,25,26,255,30,56,5,12,9,1,102,4,2,7,289,14,21,312,29,Malaria
1,18,390,515,46,67,53,9,1151,8,10,33,83,1,2,288,4,121,18,752,Bronchial Asthma
55,71,339,52,111,250,187,64,135,7,273,49,1,41,4,9,2,5,12,1076,Common Cold
1,115,157,372,161,149,47,149,100,1244,363,1245,386,8,849,0,0,0,0,0,urinary tract infection
75,3,13,633,302,26,13,24,61,93,323,119,54,48,2,37,50,0,0,0,Dengue
52,111,16,889,608,8,109,4,118,7,66,389,4,96,22,19,17,91,178,121,Pneumonia
163,50,128,1335,782,36,583,143,791,112,316,596,183,20,42,0,0,0,0,0,peptic ulcer disease
1,20,49,194,187,4,51,1078,8,49,167,17,7,39,876,12,57,0,0,0,Common Cold
52,111,327,133,8,109,4,7,5,108,4,96,22,19,17,91,178,121,8,41,Pneumonia
64,10,140,241,1,94,704,756,1187,186,195,2,1188,1,116,0,0,0,0,0,Hypertension
1,11,205,82,15,21,45,106,43,537,87,150,156,105,59,60,101,71,42,0,Arthritis
1,67,284,219,34,44,35,73,20,32,276,361,44,261,32,8,20,248,0,0,Dimorphic Hemorrhoids
686,2,208,123,769,1321,588,329,312,43,21,6,0,0,0,0,0,0,0,0,drug reaction
54,86,134,247,215,171,297,46,291,5,376,172,27,6,0,0,0,0,0,0,Chicken pox
789,680,489,1,591,681,417,47,371,1318,436,208,4,0,0,0,0,0,0,0,drug reaction
1,105,30,10,83,52,111,449,18,19,35,91,7,39,178,734,735,885,427,18,Pneumonia
1,4,51,244,12,9,14,30,618,174,46,151,6,260,119,0,0,0,0,0,Typhoid
55,162,7,464,396,72,162,24,27,10,340,160,266,465,513,148,223,22,1,311,Common Cold
13,75,89,55,271,560,24,320,32,1034,65,454,300,0,0,0,0,0,0,0,Impetigo
10,705,706,116,208,113,0,0,0,0,0,0,0,0,0,0,0,0,0,0,Migraine
420,447,46,387,1155,1156,516,857,259,12,9,4,121,16,913,1157,1158,0,0,0,Bronchial Asthma
572,560,13,3,623,86,257,90,138,62,3,1142,4,0,0,0,0,0,0,0,Acne
1,11,4,94,180,360,45,34,44,17,73,20,32,276,361,44,261,32,8,20,Dimorphic Hemorrhoids
11,346,79,277,66,115,14,199,113,0,0,0,0,0,0,0,0,0,0,0,Migraine
3,13,75,131,504,166,419,7,66,25,9,131,26,6,0,0,0,0,0,0,Dengue
1,45,92,126,429,29,73,20,32,276,361,44,261,32,8,20,248,0,0,0,Dimorphic Hemorrhoids
1,921,246,94,290,258,74,18,53,67,606,82,0,0,0,0,0,0,0,0,Bronchial Asthma
1,20,63,45,324,333,26,2,349,118,392,726,272,3,1,209,509,176,0,0,Fungal infection
10,241,345,212,2,116,1179,402,195,186,0,0,0,0,0,0,0,0,0,0,Hypertension
1,75,25,13,3,466,138,62,90,3,2,20,221,0,0,0,0,0,0,0,Acne
45,1,4,29,67,284,219,60,1,116,73,20,23,95,139,0,0,0,0,0,Dimorphic Hemorrhoids
54,15,384,247,215,173,207,27,291,46,71,42,0,0,0,0,0,0,0,0,Chicken pox
11,126,36,35,29,383,93,831,621,538,410,7,39,37,50,213,114,0,0,0,Typhoid
8,974,689,478,40,22,107,40,74,45,50,163,537,0,0,0,0,0,0,0,diabetes
1,533,142,661,576,274,231,366,67,0,0,0,0,0,0,0,0,0,0,0,Migraine
342,230,243,151,13,26,90,138,62,333,60,3,746,4,0,0,0,0,0,0,Acne
3,192,63,164,80,4,29,67,244,70,100,315,211,549,331,0,0,0,0,0,Varicose Veins
31,6,344,18,21,82,152,497,81,198,1210,15,17,0,0,0,0,0,0,0,Cervical spondylosis
1,12,57,56,30,104,27,2,14,102,4,29,2,666,38,21,35,0,0,0,Malaria
1,749,31,6,74,18,254,82,1,10,140,575,212,15,17,0,0,0,0,0,Cervical spondylosis
1,51,244,27,6,536,13,234,110,306,5,816,292,531,234,0,0,0,0,0,Psoriasis
21,119,1118,20,33,15,461,59,43,61,99,87,470,1119,747,896,745,10,59,101,Arthritis
27,99,87,308,70,52,111,16,147,13,63,42,8,10,5,83,49,0,0,0,Chicken pox
8,10,20,194,12,9,14,13,507,54,86,8,20,411,631,24,23,89,55,271,Impetigo
26,27,39,708,24,119,60,153,124,456,636,3,3,176,62,75,0,0,0,0,Fungal infection
4,67,53,118,7,66,8,102,4,19,17,4,121,22,8,51,53,96,8,41,Pneumonia
1,11,4,27,3,78,565,13,2,222,153,3,124,251,147,78,16,110,155,249,Fungal infection
3,5,63,324,77,2,153,249,124,251,147,3,1,155,393,87,0,0,0,0,Fungal infection
10,71,83,160,235,114,165,25,635,16,857,116,134,24,77,54,48,0,0,0,Dengue
1,256,582,100,76,220,1262,46,98,97,151,167,17,317,671,161,942,1263,943,348,urinary tract infection
48,3,89,191,540,448,384,314,1014,16,115,143,700,225,0,0,0,0,0,0,Varicose Veins
1,328,5,87,44,229,44,17,95,139,1,2,6,401,73,5,63,223,0,0,Dimorphic Hemorrhoids
118,7,39,112,233,177,169,110,277,40,16,515,200,440,494,117,658,38,168,263,gastroesophageal reflux disease
135,44,229,581,52,111,767,670,16,157,523,161,98,78,16,120,139,98,0,0,urinary tract infection
6,663,41,18,403,54,48,474,64,15,17,1,51,299,473,156,105,475,0,0,Cervical spondylosis
47,149,100,7,110,289,669,2,47,16,363,98,435,137,941,582,0,0,0,0,urinary tract infection
10,71,49,128,18,87,327,133,9,12,1,2,288,4,121,18,0,0,0,0,Bronchial Asthma
1,10,71,148,108,129,64,1,37,58,57,76,120,3,175,65,60,1,36,6,Jaundice
31,29,128,18,82,254,152,88,433,198,756,15,17,0,0,0,0,0,0,0,Cervical spondylosis
629,209,14,19,6,521,301,106,177,195,186,301,0,0,0,0,0,0,0,0,Hypertension
191,48,295,4,29,548,269,294,28,0,0,0,0,0,0,0,0,0,0,0,Varicose Veins
31,35,344,18,254,82,152,51,1215,103,154,15,17,0,0,0,0,0,0,0,Cervical spondylosis
68,137,50,59,15,232,347,142,188,1,2,79,14,199,113,130,141,117,152,621,Migraine
342,230,901,5,228,13,3,650,90,62,275,237,3,2,5,239,0,0,0,0,Acne
68,208,123,97,686,2,588,329,47,16,25,43,326,6,0,0,0,0,0,0,drug reaction
19,6,25,38,519,45,19,252,566,4,20,687,0,0,0,0,0,0,0,0,drug reaction
1,13,3,249,39,859,153,2,4,858,1060,5,146,27,834,290,84,93,0,0,Fungal infection
12,9,131,25,14,26,6,854,30,174,70,622,6,282,72,0,0,0,0,0,Dengue
36,143,38,236,22,61,67,53,78,70,70,16,19,6,226,0,0,0,0,0,allergy
16,206,123,107,28,169,1284,264,36,69,16,525,176,22,0,0,0,0,0,0,gastroesophageal reflux disease
420,3,257,42,13,68,421,153,124,272,3,2,62,303,110,564,0,0,0,0,Fungal infection
1,11,25,326,82,15,5,59,61,43,243,34,132,156,144,59,2,5,42,150,Arthritis
23,86,815,184,55,271,23,80,29,6,417,65,454,300,0,0,0,0,0,0,Impetigo
1,11,25,569,1092,200,22,5,32,1,459,25,18,55,20,464,1,379,216,214,Common Cold
418,55,257,24,23,1,334,13,15,19,245,1032,2,280,127,9,0,0,0,0,Impetigo
10,63,56,2,160,37,58,9,12,3,84,65,76,120,145,6,0,0,0,0,Jaundice
180,360,5,34,45,182,34,35,44,73,375,5,42,8,4,29,17,71,146,0,Dimorphic Hemorrhoids
10,367,28,23,15,66,94,113,0,0,0,0,0,0,0,0,0,0,0,0,Migraine
45,3,20,63,13,26,3,2,77,272,721,176,861,62,0,0,0,0,0,0,Fungal infection
47,391,46,70,181,278,210,16,79,168,115,725,224,38,0,0,0,0,0,0,peptic ulcer disease
8,1316,441,677,441,489,788,74,63,442,678,144,93,3,2,144,268,74,0,0,drug reaction
1,932,41,931,151,31,6,254,82,1,10,15,6,66,140,575,200,0,0,0,Cervical spondylosis
6,670,105,0,0,0,0,0,0,0,0,0,0,0,0,0,0,0,0,0,urinary tract infection
107,275,264,206,792,438,368,115,427,278,210,287,1347,649,0,0,0,0,0,0,peptic ulcer disease
13,86,293,1039,498,1040,317,45,116,134,23,184,55,32,34,627,0,0,0,0,Impetigo
11,104,31,6,74,18,265,664,254,15,17,10,140,345,212,0,0,0,0,0,Cervical spondylosis
3,363,13,652,900,90,138,62,899,64,3,20,221,0,0,0,0,0,0,0,Acne
45,192,821,40,136,101,544,269,294,28,2,191,292,0,0,0,0,0,0,0,Varicose Veins
116,100,315,48,105,292,351,110,331,267,11,143,174,46,0,0,0,0,0,0,Varicose Veins
85,11,21,82,59,15,166,43,205,1125,132,89,2,32,747,0,0,0,0,0,Arthritis
694,695,537,75,25,993,604,190,40,605,2,3,171,374,0,0,0,0,0,0,Psoriasis
8,92,104,27,30,56,12,9,1,2,109,4,14,38,21,6,2,152,0,0,Malaria
651,230,381,363,13,3,270,90,62,903,237,3,2,239,0,0,0,0,0,0,Acne
1,41,4,10,322,398,49,268,12,9,34,325,1,102,4,318,10,33,194,1,Pneumonia
8,1105,469,218,325,22,426,196,8,42,91,178,19,35,8,41,1106,645,196,0,Pneumonia
11,21,6,183,34,132,89,37,561,7,56,48,31,6,4,0,0,0,0,0,Dengue
92,12,9,298,447,46,23,280,184,55,23,32,10,42,46,0,0,0,0,0,Impetigo
1,218,5,228,13,3,85,257,90,62,430,237,3,2,5,239,0,0,0,0,Acne
1,135,10,148,108,83,64,1,37,58,57,76,120,3,175,65,458,11,36,6,Jaundice
230,342,572,71,146,13,3,270,138,62,90,89,3,2,647,89,4,0,0,0,Acne
1,512,4,318,10,108,49,22,7,5,148,4,639,511,1082,55,15,2,7,355,Common Cold
1,63,404,68,198,58,8,2,5,49,3,175,65,9,12,60,16,36,35,120,Jaundice
143,192,99,34,150,385,296,335,336,298,270,1010,0,0,0,0,0,0,0,0,Varicose Veins
143,192,144,115,104,99,34,150,385,296,0,0,0,0,0,0,0,0,0,0,Varicose Veins
1,11,205,82,15,21,45,106,43,743,550,470,1114,1115,744,225,745,105,59,60,Arthritis
191,48,80,29,67,244,70,61,616,3,99,292,32,0,0,0,0,0,0,0,Varicose Veins
1,4,51,182,229,85,5,32,1,2,116,95,139,73,5,223,0,0,0,0,Dimorphic Hemorrhoids
36,35,266,445,299,380,284,219,7,129,371,967,122,8,135,268,687,0,0,0,peptic ulcer disease
1,218,165,172,18,390,99,34,325,9,12,1,41,4,125,197,217,0,0,0,Bronchial Asthma
302,26,529,580,1,37,402,123,97,8,129,78,16,178,91,407,0,0,0,0,diabetes
13,47,295,3,374,8,1306,1307,203,304,566,78,370,304,449,0,0,0,0,0,drug reaction
11,346,79,14,66,199,231,113,137,163,59,15,232,189,142,188,0,0,0,0,Migraine
85,1,11,30,165,18,12,9,67,53,1,109,4,10,5,108,33,1,2,96,Pneumonia
1,1130,13,3,1131,275,138,62,90,3,60,362,1132,0,0,0,0,0,0,0,Acne
405,590,1309,8,51,590,40,16,528,679,66,10,722,964,0,0,0,0,0,0,drug reaction
64,11,208,123,1298,2,588,329,686,47,16,312,43,326,6,0,0,0,0,0,drug reaction
52,250,187,55,5,339,8,2,5,273,83,28,1,41,4,9,5,12,39,873,Common Cold
12,9,61,247,215,14,80,4,51,118,7,39,112,114,7,33,160,87,186,385,Chicken pox
1,5,87,28,182,229,85,5,32,492,44,73,17,4,389,2,100,95,73,5,Dimorphic Hemorrhoids
342,505,243,546,13,26,4,62,275,237,90,354,3,239,4,0,0,0,0,0,Acne
3,694,695,980,981,604,604,32,605,483,0,0,0,0,0,0,0,0,0,0,Psoriasis
63,3,4,24,155,54,48,446,1065,77,3,78,155,7,393,87,0,0,0,0,Fungal infection
1,92,117,258,14,19,6,81,198,103,51,517,0,0,0,0,0,0,0,0,Hypertension
1,30,10,49,52,111,449,18,19,17,18,91,7,39,182,734,735,427,96,8,Pneumonia
8,462,529,1,37,425,123,97,8,49,47,16,407,1374,91,0,0,0,0,0,diabetes
162,16,206,123,107,169,118,114,264,36,159,525,564,22,0,0,0,0,0,0,gastroesophageal reflux disease
11,1291,590,1292,67,1293,957,7,958,959,676,69,854,528,679,0,0,0,0,0,drug reaction
1,37,4,58,220,290,553,387,213,317,259,38,56,552,127,9,14,260,6,8,Typhoid
21,10,285,33,85,15,5,157,43,61,99,177,132,2,261,34,150,0,0,0,Arthritis
1,4,906,18,907,44,185,53,67,1,41,4,125,197,514,12,9,0,0,0,Bronchial Asthma
191,48,80,29,67,244,70,614,547,16,143,700,0,0,0,0,0,0,0,0,Varicose Veins
11,30,353,157,6,31,2,282,72,2,116,134,24,77,31,15,0,0,0,0,Dengue
27,26,13,19,31,16,309,3,28,28,69,673,541,26,0,0,0,0,0,0,drug reaction
134,24,23,507,184,55,15,629,12,57,23,383,32,164,851,46,0,0,0,0,Impetigo
13,86,84,32,164,220,46,23,613,844,713,300,105,71,32,46,0,0,0,0,Impetigo
1,4,51,299,534,56,236,12,9,126,14,2,171,16,222,6,36,119,52,114,Typhoid
107,275,206,264,792,438,368,115,427,16,214,440,278,260,0,0,0,0,0,0,peptic ulcer disease
72,135,24,339,128,640,216,2,152,1,4,67,53,135,7,160,64,4,22,121,Common Cold
11,126,36,35,5,34,29,383,93,831,621,538,410,0,0,0,0,0,0,0,Typhoid
1,287,5,148,499,129,2,12,9,37,58,3,76,84,65,60,36,252,0,0,Jaundice
533,25,43,6,632,75,3,13,633,302,26,131,104,27,0,0,0,0,0,0,Dengue
13,3,350,136,1355,3,2,973,293,599,314,3,0,0,0,0,0,0,0,0,diabetes
3,985,24,164,69,63,181,42,13,124,242,26,0,0,0,0,0,0,0,0,Psoriasis
1,45,30,238,18,12,57,53,88,1,102,4,318,10,33,194,1,20,125,179,Pneumonia
1,12,57,56,30,104,27,2,14,102,4,29,2,666,38,21,35,0,0,0,Malaria
1,10,5,108,1,4,165,1,5,146,18,22,5,23,1,4,216,214,55,5,Common Cold
162,7,49,146,123,71,148,22,2,326,6,1270,302,26,424,143,47,0,0,0,allergy
1,20,328,85,182,219,261,42,1,2,334,100,95,73,646,0,0,0,0,0,Dimorphic Hemorrhoids
954,481,36,17,6,112,323,122,570,264,122,47,16,451,95,203,0,0,0,0,peptic ulcer disease
1,12,9,378,70,20,190,110,14,66,126,236,118,7,39,112,114,0,0,0,Typhoid
1,10,5,33,21,15,5,59,43,166,1,4,205,132,89,2,5,32,150,0,Arthritis
67,244,259,145,6,29,154,50,7,160,182,229,7,1331,28,0,0,0,0,0,peptic ulcer disease
1,11,326,82,205,15,45,43,61,642,895,470,225,896,746,59,101,60,1116,42,Arthritis
8,10,5,108,37,50,1,311,110,24,153,54,15,86,173,207,0,0,0,0,Chicken pox
67,53,136,545,296,540,109,1357,40,16,600,170,0,0,0,0,0,0,0,0,diabetes
588,123,107,2,425,208,123,97,78,16,1288,43,6,21,6,0,0,0,0,0,drug reaction
1,45,75,151,13,3,902,90,138,62,3,2,239,0,0,0,0,0,0,0,Acne
797,978,87,186,592,369,369,28,99,34,717,169,795,794,0,0,0,0,0,0,diabetes
3,221,982,483,208,57,807,69,983,984,307,3,0,0,0,0,0,0,0,0,Psoriasis
75,5,228,13,3,650,90,62,275,237,3,2,5,239,0,0,0,0,0,0,Acne
1,10,5,148,140,129,64,1,37,58,57,76,120,3,175,65,60,16,36,6,Jaundice
1,10,5,83,108,1,187,4,52,111,16,853,8,83,167,874,9,5,12,39,Common Cold
1,268,42,173,26,66,24,395,119,3,2,323,153,1071,622,510,147,1,62,303,Fungal infection
1,533,142,661,576,274,231,366,67,0,0,0,0,0,0,0,0,0,0,0,Migraine
224,255,38,165,1218,267,209,9,37,58,98,179,1,75,65,13,35,36,2,519,Jaundice
75,24,77,26,63,164,2,11,12,9,68,30,353,0,0,0,0,0,0,0,Dengue
12,9,25,27,30,56,2,14,102,4,29,2,666,38,21,35,0,0,0,0,Malaria
1,63,404,1,37,58,2,5,49,3,84,65,25,57,36,2,252,0,0,0,Jaundice
40,7,450,149,157,479,16,475,518,4,267,37,113,757,0,0,0,0,0,0,diabetes
98,249,477,1222,359,97,40,16,161,149,70,105,12,57,106,117,1223,1224,0,0,urinary tract infection
15,71,253,21,10,71,33,43,61,1,101,89,4,205,60,101,71,248,0,0,Arthritis
1,63,404,64,37,58,7,5,49,3,84,65,25,57,145,35,179,76,0,0,Jaundice
11,346,79,115,14,66,199,231,113,137,163,59,15,232,189,142,188,0,0,0,Migraine
79,168,40,193,262,213,87,526,106,122,16,779,22,278,210,29,0,0,0,0,gastroesophageal reflux disease
47,181,278,210,391,46,70,159,16,25,168,79,38,0,0,0,0,0,0,0,peptic ulcer disease
1,30,739,18,12,57,67,53,85,1,109,358,318,10,194,33,1,2,20,125,Pneumonia
1,10,648,894,21,45,15,648,742,61,43,183,34,132,89,101,2,34,0,0,Arthritis
63,24,3,78,203,818,86,271,944,295,4,1268,16,388,72,78,934,585,16,25,allergy
11,3,13,181,23,416,23,711,847,24,558,320,190,207,2,12,9,0,0,0,Impetigo
136,112,22,40,7,1286,47,16,480,206,329,183,7,108,0,0,0,0,0,0,gastroesophageal reflux disease
843,75,134,24,23,184,55,15,12,9,23,84,32,164,220,46,0,0,0,0,Impetigo
191,48,292,80,4,29,61,549,3,99,412,1011,0,0,0,0,0,0,0,0,Varicose Veins
236,126,20,331,36,25,32,35,8,135,49,118,7,39,112,114,0,0,0,0,Typhoid
572,379,13,26,230,90,138,62,1140,3,239,4,0,0,0,0,0,0,0,0,Acne
1,1200,1201,85,1,2,116,208,113,0,0,0,0,0,0,0,0,0,0,0,Migraine
342,230,243,546,13,26,257,138,62,90,3,239,4,0,0,0,0,0,0,0,Acne
1,4,316,126,5,32,4,214,6,36,119,16,12,9,30,174,70,0,0,0,Typhoid
21,265,664,11,31,6,74,18,1,11,15,6,10,241,575,212,0,0,0,0,Cervical spondylosis
1,11,30,7,5,49,18,227,44,185,18,19,35,91,428,884,204,272,196,8,Pneumonia
3,24,148,47,409,418,271,297,5,620,47,14,339,72,585,0,0,0,0,0,allergy
15,893,1,10,39,21,322,33,51,647,106,43,453,150,20,32,0,0,0,0,Arthritis
1,209,25,27,30,38,12,9,476,14,8,2,102,4,1,151,38,21,35,0,Malaria
21,5,33,15,71,59,43,61,99,34,132,101,261,42,0,0,0,0,0,0,Arthritis
68,240,163,23,15,522,347,142,579,1,2,11,130,141,79,115,14,199,366,0,Migraine
26,27,461,24,77,354,153,2,724,456,636,872,176,62,507,3,0,0,0,0,Fungal infection
1,41,4,568,34,325,22,17,7,39,4,96,729,19,55,321,4,1,10,5,Common Cold
11,3,13,54,48,691,220,290,24,63,257,74,800,153,0,0,0,0,0,0,Psoriasis
52,250,187,7,5,83,1079,22,5,23,4,877,511,55,22,15,7,61,567,0,Common Cold
139,95,485,371,4,274,258,595,594,688,203,663,7,285,33,0,0,0,0,0,peptic ulcer disease
1,51,182,229,5,87,44,17,73,5,23,276,44,5,32,8,5,42,0,0,Dimorphic Hemorrhoids
31,6,128,18,54,48,82,152,1,11,15,6,103,88,81,0,0,0,0,0,Cervical spondylosis
31,6,465,18,403,54,48,152,64,15,17,1,51,299,473,156,105,241,0,0,Cervical spondylosis
1,127,9,220,46,171,625,9,131,25,14,7,33,555,0,0,0,0,0,0,Chicken pox
126,29,180,360,73,6,45,152,73,20,164,95,71,139,0,0,0,0,0,0,Dimorphic Hemorrhoids
11,4,38,56,20,34,213,114,1,830,37,50,203,84,20,33,0,0,0,0,Typhoid
100,901,434,78,38,478,159,7,39,8,348,766,0,0,0,0,0,0,0,0,urinary tract infection
1,10,5,33,21,85,15,5,59,43,61,87,132,89,2,32,150,0,0,0,Arthritis
13,48,617,4,6,448,143,381,412,191,192,0,0,0,0,0,0,0,0,0,Varicose Veins
113,369,281,500,93,8,135,10,129,49,60,47,25,521,81,0,0,0,0,0,diabetes
12,9,127,14,8,83,28,501,37,50,0,0,0,0,0,0,0,0,0,0,Chicken pox
8,436,213,233,34,69,515,10,440,169,110,277,726,117,658,168,38,22,263,0,gastroesophageal reflux disease
3,27,61,78,837,409,271,418,166,35,4,585,47,827,14,339,72,0,0,0,allergy
11,30,353,1041,853,1042,31,6,28,24,77,54,0,0,0,0,0,0,0,0,Dengue
3,89,191,48,74,309,281,546,314,48,211,297,0,0,0,0,0,0,0,0,Varicose Veins
56,236,1,4,67,299,534,127,9,66,36,6,0,0,0,0,0,0,0,0,Typhoid
839,176,13,249,24,164,1058,119,3,124,338,147,3,27,3,0,0,0,0,0,Fungal infection
40,16,233,88,200,122,105,524,22,159,527,7,355,329,190,28,0,0,0,0,peptic ulcer disease
268,310,173,26,3,2,24,395,119,1,2,62,303,134,422,77,124,338,147,3,Fungal infection
112,16,289,40,482,262,1,777,162,16,25,145,35,151,130,141,0,0,0,0,gastroesophageal reflux disease
126,180,286,29,741,85,349,740,73,35,4,73,5,63,95,139,0,0,0,0,Dimorphic Hemorrhoids
103,14,19,6,81,1,2,334,87,186,0,0,0,0,0,0,0,0,0,0,Hypertension
98,157,190,769,432,936,106,117,211,867,159,7,405,149,70,11,12,57,0,0,urinary tract infection
1,105,4,180,88,45,34,44,17,73,20,32,276,361,44,261,32,8,20,248,Dimorphic Hemorrhoids
1,5,63,85,324,77,3,2,119,118,249,39,494,251,3,1,155,393,87,0,Fungal infection
945,55,506,467,47,205,19,29,70,1,2,37,402,123,97,0,0,0,0,0,allergy
134,24,77,26,52,542,155,63,42,111,607,415,539,0,0,0,0,0,0,0,Chicken pox
992,3,24,223,40,310,181,190,2,13,611,333,26,2,222,6,43,0,0,0,Psoriasis
21,20,33,15,5,59,43,61,99,34,150,156,144,59,101,2,261,42,0,0,Arthritis
134,24,77,26,77,63,42,2,127,9,14,0,0,0,0,0,0,0,0,0,Chicken pox
139,95,1326,594,154,154,595,1327,485,1328,7,33,606,0,0,0,0,0,0,0,peptic ulcer disease
24,77,26,52,542,77,63,171,297,245,415,0,0,0,0,0,0,0,0,0,Chicken pox
11,208,1294,680,591,681,417,69,16,436,682,7,1295,28,28,0,0,0,0,0,drug reaction
61,247,215,24,77,26,80,29,2,127,9,7,83,28,0,0,0,0,0,0,Chicken pox
21,20,33,15,5,59,43,61,99,34,132,156,144,59,101,20,42,66,0,0,Arthritis
7,289,226,140,166,22,53,88,47,19,29,38,70,0,0,0,0,0,0,0,allergy
1,105,115,14,432,113,66,130,141,79,277,0,0,0,0,0,0,0,0,0,Migraine
8,4,51,180,286,85,87,44,17,73,5,23,276,44,5,32,8,5,42,0,Dimorphic Hemorrhoids
543,116,48,61,100,315,412,351,166,281,105,93,28,0,0,0,0,0,0,0,Varicose Veins
55,225,437,4,72,946,17,18,28,167,35,135,0,0,0,0,0,0,0,0,allergy
230,1139,546,13,26,4,62,275,237,90,354,3,239,4,0,0,0,0,0,0,Acne
13,89,55,66,560,24,23,13,245,333,26,1,311,64,12,57,174,70,0,0,Impetigo
23,86,613,844,713,300,2,174,70,16,12,9,30,308,70,0,0,0,0,0,Impetigo
298,940,46,1,209,256,57,100,98,167,17,317,76,97,341,405,149,942,335,943,urinary tract infection
75,236,131,25,6,260,119,118,7,39,112,114,28,127,14,0,0,0,0,0,Typhoid
10,675,21,589,775,425,97,123,7,160,78,10,737,1353,1354,0,0,0,0,0,diabetes
36,130,79,115,14,432,231,113,240,50,59,15,232,350,142,579,152,0,0,0,Migraine
44,229,4,318,659,76,335,25,36,6,752,450,149,0,0,0,0,0,0,0,urinary tract infection
171,838,488,24,77,86,15,119,173,207,27,99,46,42,0,0,0,0,0,0,Chicken pox
54,86,31,24,223,40,310,190,234,222,531,75,134,306,696,311,114,39,0,0,Psoriasis
1,4,67,53,7,39,8,135,226,2,127,260,6,1016,28,0,0,0,0,0,Typhoid
11,25,27,56,165,58,154,9,12,3,175,65,76,120,11,145,6,0,0,0,Jaundice
1,1138,5,228,13,3,85,257,90,62,430,237,3,2,5,239,0,0,0,0,Acne
11,14,19,6,81,67,753,103,2,7,39,51,517,0,0,0,0,0,0,0,Hypertension
69,16,1278,200,22,136,112,78,2,673,206,480,123,107,16,1279,948,0,0,0,gastroesophageal reflux disease
7,21,529,462,7,129,672,123,97,1361,78,407,1362,1363,0,0,0,0,0,0,diabetes
1,11,4,180,286,88,45,34,44,17,73,20,32,276,361,44,261,32,8,20,Dimorphic Hemorrhoids
106,1,328,284,219,20,177,44,35,1,100,95,73,20,63,310,1,2,11,29,Dimorphic Hemorrhoids
3,610,814,378,31,54,442,443,990,488,603,483,374,991,0,0,0,0,0,0,Psoriasis
11,117,14,19,6,81,154,103,67,365,0,0,0,0,0,0,0,0,0,0,Hypertension
11,14,7,39,619,6,1189,68,19,6,81,0,0,0,0,0,0,0,0,0,Hypertension
92,31,6,465,18,82,54,48,60,15,17,88,81,753,103,0,0,0,0,0,Cervical spondylosis
506,467,426,55,406,70,205,19,6,1,2,37,672,123,97,0,0,0,0,0,allergy
216,7,322,396,72,638,24,135,7,423,49,64,4,42,96,22,247,215,7,355,Common Cold
1,10,71,148,108,129,64,1,37,58,57,76,120,3,175,65,60,11,36,6,Jaundice
9,7,140,241,91,357,468,7,676,387,386,1289,262,7,369,0,0,0,0,0,drug reaction
52,250,41,7,5,273,216,426,4,121,19,17,52,97,114,21,2,5,23,0,Common Cold
45,1,4,67,284,219,17,4,1,116,100,95,89,73,1,2,11,29,27,0,Dimorphic Hemorrhoids
56,11,131,36,143,81,37,561,7,33,203,6,282,72,0,0,0,0,0,0,Dengue
1,218,25,31,6,74,18,254,82,1,10,241,761,212,15,17,0,0,0,0,Cervical spondylosis
3,223,164,78,409,271,418,1273,5,190,585,47,14,946,72,0,0,0,0,0,allergy
8,643,469,52,111,327,133,22,466,121,8,376,91,178,19,35,8,41,204,645,Pneumonia
265,235,7,39,15,355,72,24,22,7,148,25,467,1093,86,214,52,97,114,19,Common Cold
68,364,576,137,112,23,15,522,347,172,14,1,2,1204,168,130,141,79,0,0,Migraine
110,24,77,26,118,832,625,37,50,174,70,49,25,14,0,0,0,0,0,0,Chicken pox
222,6,43,2,116,222,279,3,124,242,26,989,377,444,182,26,0,0,0,0,Psoriasis
98,97,938,281,477,1,9,115,941,434,562,771,106,117,660,0,0,0,0,0,urinary tract infection
1,49,11,38,27,64,1,37,58,57,76,120,3,175,65,60,1,36,6,0,Jaundice
3,1143,75,1144,13,4,138,62,90,458,3,20,221,0,0,0,0,0,0,0,Acne
45,6,192,172,493,93,491,150,269,294,28,48,211,297,2,100,315,20,292,0,Varicose Veins
31,17,28,54,15,13,31,72,6,4,2,9,99,158,246,0,0,0,0,0,Dengue
180,286,84,328,972,69,7,20,83,265,235,50,0,0,0,0,0,0,0,0,peptic ulcer disease
56,1,552,36,6,81,1,37,50,203,7,33,54,31,15,6,28,0,0,0,Dengue
25,27,56,165,2,37,58,12,9,3,175,65,76,120,2,11,145,6,0,0,Jaundice
216,7,464,72,20,24,424,265,235,22,5,148,68,166,247,215,1,2,41,4,Common Cold
1,209,25,27,30,38,12,9,68,14,8,2,102,4,1,2,356,38,21,35,Malaria
162,359,133,206,123,107,47,263,22,183,34,526,277,0,0,0,0,0,0,0,gastroesophageal reflux disease
1,11,25,26,255,30,56,5,12,9,1,102,4,2,7,289,14,21,312,29,Malaria
11,429,88,258,346,79,66,201,14,231,113,137,163,59,15,232,189,142,188,0,Migraine
25,27,56,165,2,37,58,12,9,3,175,65,76,120,2,11,145,6,0,0,Jaundice
1,11,205,82,15,21,45,106,43,743,550,470,748,744,225,745,105,59,60,101,Arthritis
1,11,25,27,30,56,12,9,8,2,109,4,14,38,21,6,80,4,29,0,Malaria
1,25,27,30,56,12,9,8,2,109,577,14,38,21,6,2,80,4,29,0,Malaria
1,92,25,126,85,361,44,219,17,4,637,73,5,63,1,334,100,95,0,0,Dimorphic Hemorrhoids
1,10,341,4,467,339,55,1,41,4,4,19,6,9,5,12,1,11,25,326,Common Cold
1,11,103,88,64,10,518,140,14,2,519,460,0,0,0,0,0,0,0,0,Hypertension
6,184,667,349,193,4,78,100,98,348,359,97,1228,78,16,934,51,244,259,0,urinary tract infection
16,117,584,512,53,94,40,14,9,28,7,49,0,0,0,0,0,0,0,0,allergy
72,397,24,339,55,162,464,1,2,67,53,19,17,64,52,97,114,21,20,32,Common Cold
8,51,53,9,5,12,8,643,469,353,30,91,883,415,8,20,49,60,8,204,Pneumonia
191,192,490,80,4,29,61,549,3,0,0,0,0,0,0,0,0,0,0,0,Varicose Veins
7,355,248,28,1,198,58,352,39,112,47,16,139,193,120,593,95,0,0,0,peptic ulcer disease
12,9,25,27,30,56,2,14,102,4,60,252,38,21,400,0,0,0,0,0,Malaria
21,10,5,33,15,71,253,1,11,4,205,150,43,61,101,2,5,42,0,0,Arthritis
76,69,446,435,738,179,338,26,57,1257,69,663,266,70,0,0,0,0,0,0,urinary tract infection
1,11,12,9,128,18,399,133,1,2,288,4,125,197,217,8,10,83,33,0,Bronchial Asthma
145,6,337,182,5,190,131,126,56,7,5,411,246,0,0,0,0,0,0,0,Typhoid
8,5,87,28,887,133,8,109,4,7,5,108,4,121,22,19,17,91,178,121,Pneumonia
1,332,18,227,44,185,8,49,1,41,125,196,9,2,268,12,0,0,0,0,Bronchial Asthma
7,5,160,33,146,18,9,5,12,53,84,653,18,4,514,335,66,0,0,0,Bronchial Asthma
3,89,191,48,74,309,80,29,350,2,171,16,115,143,0,0,0,0,0,0,Varicose Veins
107,275,206,264,792,115,368,438,278,210,287,1351,649,220,427,0,0,0,0,0,peptic ulcer disease
8,4,51,126,6,892,44,229,17,4,73,119,89,95,139,73,5,223,0,0,Dimorphic Hemorrhoids
1,11,4,319,30,56,9,2,14,102,4,1,151,38,400,21,0,0,0,0,Malaria
307,219,40,581,52,111,16,670,767,47,16,25,1239,405,149,66,179,738,76,0,urinary tract infection
8,226,194,580,560,22,183,413,325,47,770,19,35,947,933,0,0,0,0,0,allergy
13,3,607,242,26,258,19,210,63,42,69,93,70,2,533,3,279,0,0,0,Psoriasis
7,20,33,247,215,453,72,181,22,17,216,730,55,464,52,97,114,19,17,0,Common Cold
31,6,41,18,403,54,48,474,64,15,17,1,51,299,473,156,105,475,0,0,Cervical spondylosis
3,850,228,13,649,138,62,90,3,5,221,66,0,0,0,0,0,0,0,0,Acne
1,51,244,27,6,536,13,234,110,306,5,816,267,43,6,538,614,80,0,0,Psoriasis
12,9,61,247,215,80,317,29,14,7,33,160,87,186,9,0,0,0,0,0,Chicken pox
12,57,399,133,109,30,104,238,1,10,20,1097,1,41,4,204,96,888,644,178,Pneumonia
45,363,13,3,270,90,138,62,3,2,647,89,4,0,0,0,0,0,0,0,Acne
14,11,25,131,10,214,167,127,9,68,14,134,24,77,31,0,0,0,0,0,Dengue
157,255,38,152,2,37,58,5,49,12,9,3,144,65,64,10,36,35,98,179,Jaundice
52,111,327,133,8,109,4,7,5,108,4,96,22,19,17,91,178,121,8,41,Pneumonia
1192,209,14,19,6,81,698,106,177,266,103,0,0,0,0,0,0,0,0,0,Hypertension
45,492,150,205,59,15,61,43,326,82,101,2,5,42,0,0,0,0,0,0,Arthritis
69,7,39,122,105,779,22,94,233,7,355,40,527,135,480,329,0,0,0,0,peptic ulcer disease
218,14,7,39,253,1185,89,167,68,19,6,81,0,0,0,0,0,0,0,0,Hypertension
758,1191,336,75,14,19,6,81,87,759,103,106,0,0,0,0,0,0,0,0,Hypertension
7,226,19,6,45,11,19,6,7,248,69,469,358,0,0,0,0,0,0,0,drug reaction
13,3,350,136,798,3,3,314,599,2,598,269,28,503,0,0,0,0,0,0,diabetes
727,527,781,40,40,16,19,6,607,54,586,31,15,214,953,19,0,0,0,0,gastroesophageal reflux disease
782,263,22,657,133,146,123,107,183,34,526,277,0,0,0,0,0,0,0,0,gastroesophageal reflux disease
10,226,172,161,193,157,6,282,72,134,24,77,54,0,0,0,0,0,0,0,Dengue
3,5,148,13,26,155,20,509,66,119,868,510,147,3,71,190,0,0,0,0,Fungal infection
171,13,3,13,69,375,484,812,267,116,134,306,234,0,0,0,0,0,0,0,Psoriasis
16,115,161,149,70,110,764,4,6,434,76,1219,139,1220,359,668,16,226,0,0,urinary tract infection
3,162,173,47,493,20,866,24,64,47,16,110,62,303,488,422,323,77,124,338,Fungal infection
18,1147,46,7,5,33,83,9,12,133,84,1148,18,2,1149,4,121,0,0,0,Bronchial Asthma
13,3,409,28,28,673,373,170,530,304,589,78,202,675,0,0,0,0,0,0,drug reaction
21,20,33,1,41,96,68,379,31,29,64,10,33,518,15,252,0,0,0,0,Cervical spondylosis
280,23,86,55,119,414,80,23,86,61,693,207,181,200,504,3,0,0,0,0,Impetigo
453,247,215,617,557,283,6,13,26,308,70,0,0,0,0,0,0,0,0,0,Chicken pox
191,192,616,20,1015,158,2,543,382,615,282,0,0,0,0,0,0,0,0,0,Varicose Veins
21,10,5,33,15,71,253,61,43,243,34,132,156,144,59,2,5,42,150,0,Arthritis
3,279,378,330,305,442,279,40,131,801,181,10,0,0,0,0,0,0,0,0,Psoriasis
1,20,49,194,8,187,460,20,273,167,692,265,235,60,12,9,7,39,875,0,Common Cold
218,429,88,258,130,141,79,66,201,14,364,113,137,163,23,15,232,189,142,188,Migraine
341,683,684,51,365,40,685,274,635,1320,0,0,0,0,0,0,0,0,0,0,drug reaction
316,718,519,1,198,58,198,967,122,47,16,593,179,95,193,1334,100,0,0,0,peptic ulcer disease
1,287,461,33,423,1,2,18,227,44,185,9,871,12,177,492,327,133,1,642,Bronchial Asthma
7,778,112,397,193,949,1,777,162,6,210,5,146,130,141,0,0,0,0,0,gastroesophageal reflux disease
1,27,324,153,3,45,2,349,118,392,201,456,3,1,209,32,155,0,0,0,Fungal infection
9,5,12,8,67,53,8,643,469,353,30,8,20,160,91,178,8,2,1102,204,Pneumonia
69,437,23,22,271,119,89,72,47,297,304,187,52,250,0,0,0,0,0,0,allergy
23,89,55,1029,24,164,3,13,485,3,84,74,309,412,65,558,300,337,23,0,Impetigo
13,89,55,384,24,23,116,13,245,242,26,2,12,9,174,70,0,0,0,0,Impetigo
6,210,69,16,766,372,157,161,98,6,348,172,69,1225,70,28,98,348,162,359,urinary tract infection
408,145,35,1235,200,149,106,660,202,762,117,2,11,256,26,57,1,33,203,0,urinary tract infection
100,315,48,20,412,827,4,6,1012,384,549,3,540,158,0,0,0,0,0,0,Varicose Veins
256,57,139,98,106,46,167,17,39,708,98,2,97,359,348,431,765,16,372,161,urinary tract infection
490,100,315,192,80,825,826,382,94,543,0,0,0,0,0,0,0,0,0,0,Varicose Veins
12,9,25,27,30,56,2,14,102,4,29,2,666,38,21,35,0,0,0,0,Malaria
12,9,68,25,14,9,131,224,26,6,30,158,246,419,313,0,0,0,0,0,Dengue
287,532,342,230,46,924,660,7,1195,108,36,140,106,177,186,195,301,0,0,0,Hypertension
191,48,80,4,29,548,269,294,28,61,616,3,99,32,292,0,0,0,0,0,Varicose Veins
8,51,53,5,42,8,109,358,4,121,22,19,35,91,178,8,41,120,196,0,Pneumonia
31,6,128,18,403,54,48,152,15,17,1,10,241,345,0,0,0,0,0,0,Cervical spondylosis
1,37,50,52,111,213,114,8,158,246,0,0,0,0,0,0,0,0,0,0,Chicken pox
3,89,191,48,24,164,63,80,4,29,171,16,201,143,0,0,0,0,0,0,Varicose Veins
727,781,527,159,69,16,19,29,776,54,586,15,19,7,253,1287,0,0,0,0,gastroesophageal reflux disease
3,13,270,138,62,90,152,85,60,3,362,4,0,0,0,0,0,0,0,0,Acne
8,4,94,53,8,10,532,8,109,4,4,196,22,19,17,53,1107,96,8,41,Pneumonia
1,92,142,661,576,274,231,366,94,0,0,0,0,0,0,0,0,0,0,0,Migraine
8,158,24,77,3,245,415,80,4,94,2,75,127,9,14,174,70,0,0,0,Chicken pox
8,11,224,26,6,14,56,1,75,24,77,633,302,26,295,25,27,0,0,0,Dengue
506,23,840,84,34,207,394,609,846,841,842,300,502,4,352,283,284,498,0,0,Impetigo
85,1,11,126,6,180,286,73,5,23,276,44,5,32,8,5,42,0,0,0,Dimorphic Hemorrhoids
128,74,18,170,118,111,293,407,2,94,23,22,111,44,185,0,0,0,0,0,diabetes
85,1,11,3,13,4,138,62,90,3,2,362,4,0,0,0,0,0,0,0,Acne
1,10,49,33,52,111,16,496,56,38,1,830,37,50,260,6,80,497,0,0,Typhoid
128,18,53,94,238,99,274,34,1,288,1163,1164,125,197,217,2,12,9,8,655,Bronchial Asthma
259,36,29,94,244,299,380,49,284,229,371,50,8,20,787,28,0,0,0,0,peptic ulcer disease
11,25,31,6,128,18,82,254,15,2,17,10,140,103,0,0,0,0,0,0,Cervical spondylosis
45,1,92,15,21,82,205,43,453,34,150,156,10,59,101,2,261,42,0,0,Arthritis
914,1160,12,9,128,18,399,133,64,1,41,4,125,197,514,1,10,5,1161,129,Bronchial Asthma
1,151,31,6,128,18,82,54,48,88,81,103,154,15,17,0,0,0,0,0,Cervical spondylosis
154,50,67,233,69,128,10,440,169,112,134,277,397,482,16,168,263,200,22,0,gastroesophageal reflux disease
1,12,57,56,30,104,27,2,14,102,4,8,289,21,17,4,0,0,0,0,Malaria
4,51,244,12,9,14,267,172,260,6,52,44,301,0,0,0,0,0,0,0,Typhoid
11,224,260,6,126,174,70,25,9,68,30,14,298,447,46,5,42,0,0,0,Typhoid
322,34,307,219,17,4,95,139,401,252,73,2,20,27,646,0,0,0,0,0,Dimorphic Hemorrhoids
68,364,366,240,50,23,15,522,347,201,14,1,2,11,168,130,141,79,0,0,Migraine
51,53,483,16,133,86,691,61,72,17,74,465,18,0,0,0,0,0,0,0,allergy
143,192,99,34,150,7,160,698,28,382,823,615,282,0,0,0,0,0,0,0,Varicose Veins
1,88,238,74,18,53,12,9,41,4,125,197,96,0,0,0,0,0,0,0,Bronchial Asthma
1,92,25,31,6,128,18,403,54,48,1,11,88,433,103,88,15,17,0,0,Cervical spondylosis
40,437,55,225,135,18,72,23,388,167,17,28,0,0,0,0,0,0,0,0,allergy
1,922,51,101,14,19,6,81,656,1174,195,2,177,0,0,0,0,0,0,0,Hypertension
16,181,200,98,78,4,6,359,668,76,105,161,149,70,0,0,0,0,0,0,urinary tract infection
47,149,100,47,7,289,669,2,47,16,12,582,70,151,435,337,98,0,0,0,urinary tract infection
165,5,42,1,4,67,351,296,1,2,10,5,705,706,127,6,145,242,0,0,Typhoid
1,218,128,18,53,88,238,1,41,4,125,197,217,12,9,5,917,573,495,8,Bronchial Asthma
72,162,24,63,55,7,464,396,7,393,108,83,28,266,41,513,22,7,23,148,Common Cold
38,10,131,154,50,10,718,622,6,31,21,6,0,0,0,0,0,0,0,0,Dengue
14,19,6,81,51,103,2,87,195,186,0,0,0,0,0,0,0,0,0,0,Hypertension
1,51,445,380,13,6,27,3,530,171,374,234,488,604,5,539,0,0,0,0,Psoriasis
24,869,26,27,1075,153,2,724,872,636,3,176,155,75,3,0,0,0,0,0,Fungal infection
31,6,128,18,403,54,48,152,1,51,299,473,11,81,15,17,0,0,0,0,Cervical spondylosis
7,83,174,46,24,77,54,31,173,207,5,158,414,0,0,0,0,0,0,0,Chicken pox
11,30,9,68,25,145,6,1,10,5,376,703,52,111,449,117,0,0,0,0,Typhoid
234,134,306,804,69,7,805,693,207,169,806,13,54,0,0,0,0,0,0,0,Psoriasis
1,128,18,46,2,53,94,8,33,49,9,463,34,910,117,1,2,41,4,121,Bronchial Asthma
437,4,55,321,72,35,1276,40,1277,167,17,28,0,0,0,0,0,0,0,0,allergy
1007,48,542,381,222,100,315,3,2,820,697,5,158,0,0,0,0,0,0,0,Varicose Veins
43,6,11,25,7,39,172,35,167,35,28,171,1044,127,9,131,30,0,0,0,Dengue
1,961,4,58,655,20,962,551,1319,479,0,0,0,0,0,0,0,0,0,0,drug reaction
8,321,57,52,111,327,133,1,109,891,10,703,340,33,1,2,125,179,96,91,Pneumonia
23,22,40,437,78,3,89,72,271,297,52,250,187,16,182,0,0,0,0,0,allergy
21,553,157,1,11,31,35,1,10,241,761,212,15,17,0,0,0,0,0,0,Cervical spondylosis
92,104,27,56,165,58,154,9,12,3,175,65,76,120,11,145,6,0,0,0,Jaundice
10,520,46,336,75,14,19,6,81,554,925,301,87,195,186,1193,106,0,0,0,Hypertension
13,26,52,250,319,3,63,3,2,77,272,721,176,861,62,0,0,0,0,0,Fungal infection
45,1,27,4,3,257,324,153,458,349,3,719,392,351,456,1,209,176,871,32,Fungal infection
12,9,25,27,30,56,2,14,102,4,60,252,38,21,400,0,0,0,0,0,Malaria
4,63,77,3,78,565,24,395,2,446,153,124,251,147,3,78,16,446,155,249,Fungal infection
1,833,451,388,95,551,28,46,1,37,50,162,108,8,2,280,127,9,2,145,Typhoid
9,298,447,46,171,202,25,6,36,119,92,126,0,0,0,0,0,0,0,0,Typhoid
578,472,14,1,51,445,380,21,529,589,78,7,140,0,0,0,0,0,0,0,drug reaction
1,343,5,228,13,3,85,257,90,62,430,237,3,2,5,239,0,0,0,0,Acne
758,1196,336,75,14,19,6,81,87,195,186,1197,106,0,0,0,0,0,0,0,Hypertension
1,11,103,88,14,19,6,81,1,2,904,8,51,365,0,0,0,0,0,0,Hypertension
13,48,80,4,29,281,143,381,490,191,192,2,10,83,160,220,447,46,0,0,Varicose Veins
11,429,88,258,346,79,66,115,14,364,113,137,163,59,15,232,189,142,188,0,Migraine
31,6,665,18,21,82,152,88,81,1217,103,15,17,0,0,0,0,0,0,0,Cervical spondylosis
1,187,1077,52,16,30,44,185,7,33,49,18,227,250,57,5,12,0,0,0,Common Cold
74,107,22,2,11,240,50,163,793,7,83,28,0,0,0,0,0,0,0,0,diabetes
10,20,33,8,4,36,29,126,5,152,157,161,193,28,203,52,213,114,0,0,Typhoid
106,1,328,284,219,20,177,44,35,1,100,95,73,20,63,310,1,2,11,29,Dimorphic Hemorrhoids
64,167,6,19,6,574,103,88,1,1172,10,340,2,1173,8,88,365,0,0,0,Hypertension
162,16,570,567,72,10,377,1094,216,19,7,20,550,1,41,4,513,425,97,21,Common Cold
973,293,394,599,263,200,370,403,370,212,0,0,0,0,0,0,0,0,0,0,diabetes
159,193,16,667,6,47,100,98,47,652,1254,435,47,51,445,380,472,0,0,0,urinary tract infection
420,3,257,42,13,421,153,3,124,338,62,3,303,110,564,0,0,0,0,0,Fungal infection
234,134,306,169,43,211,6,486,602,39,443,3,378,31,0,0,0,0,0,0,Psoriasis
14,19,6,230,46,924,2,211,7,345,575,212,0,0,0,0,0,0,0,0,Hypertension
602,39,443,3,267,3,54,31,171,374,222,5,331,0,0,0,0,0,0,0,Psoriasis
1,287,5,148,499,129,2,12,9,37,58,3,76,84,65,1,2,11,36,6,Jaundice
1,11,25,326,82,15,5,59,34,132,106,43,61,5,42,150,0,0,0,0,Arthritis
1,11,104,255,38,238,2,12,9,37,58,3,76,84,65,60,36,17,0,0,Jaundice
1,961,4,58,20,962,50,1305,405,611,274,0,0,0,0,0,0,0,0,0,drug reaction
1,30,10,5,129,18,227,44,185,19,17,18,91,178,121,8,886,639,204,251,Pneumonia
173,38,569,152,64,75,9,37,58,98,179,1,75,65,13,60,1,36,35,0,Jaundice
15,71,253,21,287,20,33,45,34,132,89,156,144,59,259,61,43,101,2,71,Arthritis
31,29,53,67,82,254,252,88,433,198,103,15,17,0,0,0,0,0,0,0,Cervical spondylosis
590,405,775,8,568,1303,930,957,159,528,679,7,20,140,518,0,0,0,0,0,drug reaction
157,255,30,38,12,9,242,763,630,476,14,1,102,4,1,42,38,21,35,0,Malaria
1,51,244,27,6,536,13,234,110,306,2,11,3,279,124,242,26,0,0,0,Psoriasis
311,13,3,34,484,2,1,12,9,270,46,8,414,452,80,0,0,0,0,0,Chicken pox
8,321,12,57,1,75,13,86,15,54,13,1038,32,24,320,246,497,0,0,0,Impetigo
1,10,148,404,37,58,2,5,49,3,84,65,25,9,36,35,179,76,0,0,Jaundice
578,472,14,1,51,445,380,563,26,529,353,28,81,0,0,0,0,0,0,0,drug reaction
26,173,13,31,19,3,309,78,1308,203,26,541,0,0,0,0,0,0,0,0,drug reaction
218,104,31,6,344,18,82,54,48,15,23,94,81,154,103,0,0,0,0,0,Cervical spondylosis
797,208,67,365,28,592,626,477,432,99,177,169,795,508,0,0,0,0,0,0,diabetes
1,45,92,126,429,29,73,20,32,276,361,44,261,32,8,20,248,0,0,0,Dimorphic Hemorrhoids
134,24,77,26,52,542,539,7,71,83,202,127,9,174,70,0,0,0,0,0,Chicken pox
128,18,571,88,238,1,218,12,9,288,4,125,197,217,41,655,7,285,108,203,Bronchial Asthma
14,19,29,81,265,103,67,517,117,1,0,0,0,0,0,0,0,0,0,0,Hypertension
157,255,30,38,12,57,474,476,14,8,2,102,4,21,20,23,7,108,0,0,Malaria
10,226,172,161,193,131,127,9,14,0,0,0,0,0,0,0,0,0,0,0,Dengue
654,1,74,18,53,67,66,12,9,4,196,536,7,322,33,83,0,0,0,0,Bronchial Asthma
135,437,74,18,170,118,111,293,407,22,35,47,397,16,601,0,0,0,0,0,diabetes
343,14,19,6,46,505,81,154,103,908,317,93,0,0,0,0,0,0,0,0,Hypertension
1,12,9,30,104,27,64,14,102,4,1,92,38,66,21,35,0,0,0,0,Malaria
75,5,228,13,3,650,90,62,275,237,3,2,5,239,0,0,0,0,0,0,Acne
1,37,4,511,139,95,258,595,594,203,688,318,7,285,33,0,0,0,0,0,peptic ulcer disease
11,115,14,199,113,137,50,23,15,471,189,429,94,258,79,130,141,0,0,0,Migraine
343,31,6,128,18,82,254,15,23,88,81,154,103,0,0,0,0,0,0,0,Cervical spondylosis
158,172,279,3,694,305,330,75,13,54,173,207,99,410,20,988,376,0,0,0,Psoriasis
10,5,160,33,52,111,16,496,127,9,222,6,145,119,52,832,547,0,0,0,Typhoid
3,862,85,144,723,63,373,13,458,270,153,724,494,3,456,863,338,176,155,3,Fungal infection
10,71,83,160,235,114,75,13,15,173,822,1043,0,0,0,0,0,0,0,0,Dengue
98,157,435,432,249,106,117,211,1,12,57,115,770,161,149,0,0,0,0,0,urinary tract infection
135,74,18,170,118,111,293,407,22,17,47,392,16,601,0,0,0,0,0,0,diabetes
61,24,247,215,54,48,173,207,8,2,92,151,14,127,9,118,7,39,112,114,Chicken pox
11,4,316,126,5,42,7,39,389,4,214,6,260,119,0,0,0,0,0,0,Typhoid
394,293,559,852,644,370,212,690,263,28,0,0,0,0,0,0,0,0,0,0,diabetes
1,11,25,27,30,56,12,9,64,14,102,4,1,2,356,38,326,35,0,0,Malaria
420,12,9,106,220,46,514,2,908,125,74,18,82,2,311,0,0,0,0,0,Bronchial Asthma
3,13,617,4,6,29,24,61,245,391,26,0,0,0,0,0,0,0,0,0,Chicken pox
26,25,27,552,24,395,13,3,2,1059,77,488,858,720,547,270,46,144,93,0,Fungal infection
1,5,87,28,182,229,85,5,32,8,387,44,174,46,389,2,4,6,73,89,Dimorphic Hemorrhoids
3,5,63,85,47,1073,13,64,421,119,3,124,1074,147,47,838,110,155,249,39,Fungal infection
1285,202,168,79,378,951,439,587,122,955,956,481,19,29,493,93,19,17,4,66,gastroesophageal reflux disease
53,94,84,133,483,72,35,74,465,18,86,26,355,0,0,0,0,0,0,0,allergy
66,137,50,893,15,232,189,142,188,1,2,79,14,199,113,130,141,117,1205,621,Migraine
199,113,281,105,93,7,160,83,28,2,7,140,958,959,28,0,0,0,0,0,diabetes
21,5,33,15,71,59,43,61,99,34,150,156,10,59,101,2,5,42,0,0,Arthritis
72,24,388,28,1,2,214,216,227,44,185,8,162,10,83,1,4,51,53,1,Common Cold
234,820,1003,169,43,11,312,29,3,1004,1005,136,31,305,0,0,0,0,0,0,Psoriasis
1,568,177,307,219,182,20,34,35,44,73,375,5,42,8,4,29,17,71,146,Dimorphic Hemorrhoids
27,99,87,308,70,52,16,147,2,37,50,7,555,0,0,0,0,0,0,0,Chicken pox
159,7,108,112,783,302,277,135,16,363,130,141,612,36,29,0,0,0,0,0,gastroesophageal reflux disease
235,37,50,8,10,5,108,118,313,452,444,2,134,24,77,171,1026,3,0,0,Chicken pox
116,3,84,221,609,602,39,443,3,136,31,305,0,0,0,0,0,0,0,0,Psoriasis
1,11,326,82,205,15,45,43,61,99,34,150,156,144,59,101,2,261,42,0,Arthritis
171,13,54,15,13,69,375,17,484,2,75,134,306,234,222,0,0,0,0,0,Psoriasis
8,5,49,1028,235,556,266,72,710,46,127,9,118,7,39,112,114,386,37,50,Chicken pox
45,21,15,84,253,33,34,225,106,43,1126,156,105,253,1127,101,2,20,190,0,Arthritis
21,10,5,33,15,71,253,61,43,243,34,132,156,144,59,2,5,42,150,0,Arthritis
162,7,49,773,22,3,2,211,7,74,47,16,774,166,0,0,0,0,0,0,allergy
562,581,159,52,111,16,670,767,78,16,104,523,161,149,68,120,24,76,0,0,urinary tract infection
224,255,38,238,152,64,75,9,37,58,98,179,1,75,65,13,35,36,2,519,Jaundice
945,55,506,467,47,205,19,29,70,1,2,37,402,97,123,0,0,0,0,0,allergy
126,400,180,360,152,85,44,73,375,5,42,8,4,29,17,71,146,0,0,0,Dimorphic Hemorrhoids
206,264,123,107,368,438,741,214,440,278,210,427,0,0,0,0,0,0,0,0,peptic ulcer disease
56,40,37,50,203,13,3,72,6,308,856,0,0,0,0,0,0,0,0,0,Dengue
69,7,108,112,783,302,277,135,16,312,130,141,25,36,6,0,0,0,0,0,gastroesophageal reflux disease
1,31,6,128,18,82,54,48,15,17,1,10,1216,475,0,0,0,0,0,0,Cervical spondylosis
1255,322,256,98,97,341,768,349,17,4,52,111,935,76,16,1256,161,28,0,0,urinary tract infection
10,5,108,12,9,14,116,13,54,86,71,158,505,334,24,23,184,55,0,0,Impetigo
3,71,221,535,223,208,57,807,234,75,306,158,372,208,0,0,0,0,0,0,Psoriasis
11,25,43,6,99,46,34,7,39,56,28,127,14,0,0,0,0,0,0,0,Dengue
970,371,58,243,177,784,31,581,6,29,7,598,597,107,17,486,495,0,0,0,peptic ulcer disease
1,45,92,30,739,18,12,57,67,53,1,109,358,318,10,194,33,1,2,20,Pneumonia
40,7,450,149,40,157,479,40,7,475,964,1,2,975,154,0,0,0,0,0,diabetes
1,187,4,10,5,83,108,389,2,4,639,511,337,55,22,7,5,148,15,7,Common Cold
382,3,1031,13,86,134,23,184,55,23,84,24,32,393,65,455,417,0,0,0,Impetigo
3,13,16,93,809,608,74,266,3,996,810,159,307,811,2,533,43,6,0,0,Psoriasis
1,11,81,1180,66,154,754,1181,402,186,0,0,0,0,0,0,0,0,0,0,Hypertension
218,130,141,79,14,66,199,231,113,137,163,23,15,232,189,142,188,117,80,4,Migraine
1,974,689,478,40,22,107,40,7,74,45,163,50,537,0,0,0,0,0,0,diabetes
55,7,20,466,72,135,24,339,64,19,17,1,4,53,94,64,21,7,20,32,Common Cold
1,328,5,87,44,229,44,17,95,139,1,2,6,401,73,5,63,223,0,0,Dimorphic Hemorrhoids
68,104,319,30,38,12,9,1,2,10,5,340,68,14,137,109,1,92,25,21,Malaria
113,369,448,500,93,7,49,129,28,2,25,81,521,406,0,0,0,0,0,0,diabetes
301,211,10,14,19,6,81,87,186,195,508,106,0,0,0,0,0,0,0,0,Hypertension
1,334,3,221,609,3,610,814,136,31,305,0,0,0,0,0,0,0,0,0,Psoriasis
22,40,7,39,181,136,112,60,47,16,206,480,329,295,7,289,0,0,0,0,gastroesophageal reflux disease
26,462,529,672,123,97,383,1370,7,49,47,407,737,888,0,0,0,0,0,0,diabetes
1,92,25,27,26,68,9,14,24,77,171,297,105,5,42,174,46,0,0,0,Chicken pox
208,180,286,126,236,154,50,235,69,7,160,0,0,0,0,0,0,0,0,0,peptic ulcer disease
139,95,485,371,595,594,929,274,688,318,7,20,33,0,0,0,0,0,0,0,peptic ulcer disease
8,10,5,241,140,57,592,501,1299,91,178,243,34,386,960,262,281,20,432,0,drug reaction
1,10,5,33,21,15,5,59,43,166,87,132,89,101,5,32,0,0,0,0,Arthritis
98,120,69,139,69,1230,97,57,1231,268,40,69,387,308,70,0,0,0,0,0,urinary tract infection
68,198,50,1,233,88,23,22,55,321,0,0,0,0,0,0,0,0,0,0,allergy
22,107,74,1,2,105,367,793,47,7,285,49,0,0,0,0,0,0,0,0,diabetes
25,38,19,29,19,487,85,8,5,787,634,4,28,0,0,0,0,0,0,0,drug reaction
11,104,27,56,165,2,37,58,12,9,3,175,65,76,120,2,11,145,6,0,Jaundice
1,75,3,13,270,138,62,90,3,2,20,221,0,0,0,0,0,0,0,0,Acne
3,13,390,24,164,245,26,1,11,104,27,136,54,48,0,0,0,0,0,0,Chicken pox
68,19,6,81,1,14,281,39,619,6,923,0,0,0,0,0,0,0,0,0,Hypertension
159,202,104,161,450,149,40,7,1375,37,1,2,788,37,113,0,0,0,0,0,diabetes
3,13,390,24,61,245,26,127,9,80,4,29,0,0,0,0,0,0,0,0,Chicken pox
1,10,71,148,108,129,64,1,37,58,57,76,120,3,175,65,60,11,36,6,Jaundice
10,577,367,169,112,59,15,0,0,0,0,0,0,0,0,0,0,0,0,0,Migraine
10,122,130,674,22,19,6,16,93,481,16,115,168,79,112,122,193,0,0,0,gastroesophageal reflux disease
12,9,30,25,27,68,14,137,109,1,151,38,21,35,0,0,0,0,0,0,Malaria
1,11,104,27,30,56,12,9,8,2,109,4,14,38,21,6,99,7,376,0,Malaria
256,1229,359,668,98,119,184,768,17,4,52,111,935,98,69,16,523,161,0,0,urinary tract infection
51,53,136,979,304,7,570,304,469,40,671,799,170,600,170,0,0,0,0,0,diabetes
1,12,9,220,46,118,313,452,80,2,116,13,3,87,1024,319,0,0,0,0,Chicken pox
8,140,499,580,8,51,53,106,22,61,406,391,70,19,17,7,108,0,0,0,allergy
115,368,438,19,6,69,776,31,15,586,54,16,10,640,214,19,0,0,0,0,gastroesophageal reflux disease
1,10,5,33,21,85,15,5,59,43,166,87,132,89,156,10,59,101,5,32,Arthritis
1,2,11,236,126,5,539,7,39,619,1017,6,260,119,7,83,28,0,0,0,Typhoid
1,92,12,9,220,46,23,845,89,55,13,124,242,26,23,25,8,10,5,248,Impetigo
162,7,49,146,123,107,22,173,4,2,1274,32,21,302,26,143,28,0,0,0,allergy
1,12,57,56,30,104,27,2,14,102,4,8,289,21,17,4,0,0,0,0,Malaria
1,4,51,704,534,56,236,127,9,68,126,14,0,0,0,0,0,0,0,0,Typhoid
8,109,358,52,111,16,889,608,22,275,4,121,118,7,532,91,428,19,35,8,Pneumonia
8,4,51,53,5,248,8,10,340,102,4,19,17,4,121,22,91,178,272,121,Pneumonia
1,9,18,227,44,185,399,133,64,1,41,4,125,197,514,7,20,129,33,0,Bronchial Asthma
1,45,749,268,63,13,3,138,62,90,3,2,362,4,0,0,0,0,0,0,Acne
67,1297,656,256,683,684,69,685,274,606,67,785,274,0,0,0,0,0,0,0,drug reaction
36,17,40,937,57,202,372,104,479,149,29,1232,162,40,16,93,70,98,1233,162,urinary tract infection
1,104,35,19,167,6,907,44,185,1,10,140,345,0,0,0,0,0,0,0,Hypertension
56,236,1,4,67,299,534,12,9,66,126,14,0,0,0,0,0,0,0,0,Typhoid
543,116,48,61,100,315,412,48,61,381,1008,61,191,192,0,0,0,0,0,0,Varicose Veins
8,10,160,235,709,266,72,710,46,1,10,555,624,835,0,0,0,0,0,0,Chicken pox
1,49,398,52,250,41,6,19,183,91,1095,41,196,884,204,272,0,0,0,0,Pneumonia
53,94,136,8,979,8,336,796,102,202,600,170,671,799,170,285,159,0,0,0,diabetes
92,224,9,82,75,23,86,23,63,42,69,65,558,455,335,23,0,0,0,0,Impetigo
50,921,163,1343,28,36,17,143,1344,277,32,596,316,0,0,0,0,0,0,0,peptic ulcer disease
1177,1,11,14,19,6,81,60,1,51,517,365,0,0,0,0,0,0,0,0,Hypertension
57,7,268,226,241,91,428,592,652,369,262,7,110,432,8,67,965,960,0,0,drug reaction
1,850,3,13,416,23,416,23,711,847,320,190,207,8,2,321,12,9,0,0,Impetigo
116,372,279,3,124,242,26,808,54,48,31,2,86,25,43,6,3,13,0,0,Psoriasis
235,37,50,8,10,5,108,118,313,452,444,0,0,0,0,0,0,0,0,0,Chicken pox
3,13,994,119,26,258,19,260,310,190,40,995,70,8,2,11,3,818,0,0,Psoriasis
45,1,4,67,284,219,180,286,71,42,34,73,20,164,95,71,139,0,0,0,Dimorphic Hemorrhoids
68,14,19,6,574,103,88,1,2,10,140,2,386,8,94,365,0,0,0,0,Hypertension
56,40,37,50,203,43,31,6,28,0,0,0,0,0,0,0,0,0,0,0,Dengue
1,13,227,44,185,1061,27,3,64,1,311,860,119,155,303,564,176,3,0,0,Fungal infection
104,319,30,38,12,57,474,2,14,102,4,1,151,38,400,21,0,0,0,0,Malaria
169,118,114,264,36,135,206,123,107,40,176,22,525,0,0,0,0,0,0,0,gastroesophageal reflux disease
1,12,57,56,30,104,27,2,14,102,4,1,5,42,85,38,21,35,0,0,Malaria
342,230,243,5,228,13,3,650,90,62,275,237,3,2,5,239,0,0,0,0,Acne
45,1,10,151,9,463,1,128,18,53,94,1,41,4,96,2,10,20,882,343,Bronchial Asthma
157,50,135,367,36,47,35,143,5,32,596,316,112,0,0,0,0,0,0,0,peptic ulcer disease
22,69,7,39,181,136,112,480,206,329,47,202,2,183,7,340,0,0,0,0,gastroesophageal reflux disease
1,11,180,286,328,1349,69,265,213,235,0,0,0,0,0,0,0,0,0,0,peptic ulcer disease
30,353,11,131,10,855,12,9,2,75,13,54,24,77,15,0,0,0,0,0,Dengue
45,1,287,20,33,49,1,2,18,424,227,44,185,9,5,12,177,327,133,1,Bronchial Asthma
75,13,26,2,11,12,9,68,30,14,43,31,17,222,6,31,72,0,0,0,Dengue
3,61,63,583,47,409,17,4,418,271,297,47,16,14,388,72,585,0,0,0,allergy
5,12,9,94,53,91,178,20,535,8,102,4,7,398,49,8,2,18,204,96,Pneumonia
1,11,104,27,3,554,708,2,13,390,24,164,0,0,0,0,0,0,0,0,Chicken pox
408,210,35,7,39,583,1258,149,106,660,11,939,117,26,57,1259,256,390,1,33,urinary tract infection
126,291,20,34,307,219,95,139,44,17,64,73,20,63,164,1,11,401,400,0,Dimorphic Hemorrhoids
1264,67,1265,399,133,18,1266,16,63,72,166,86,26,242,0,0,0,0,0,0,allergy
162,16,773,22,7,160,3,715,7,74,66,774,1275,406,0,0,0,0,0,0,allergy
31,6,128,18,403,54,48,152,1,51,299,473,11,81,15,17,0,0,0,0,Cervical spondylosis
420,259,12,9,553,387,325,919,55,107,46,1167,83,913,920,498,0,0,0,0,Bronchial Asthma
74,18,696,250,407,170,118,392,105,601,78,22,17,281,16,601,0,0,0,0,diabetes
159,51,233,78,7,39,122,144,729,22,40,7,355,527,174,28,146,329,0,0,peptic ulcer disease
1,5,146,13,3,85,649,138,62,90,3,2,362,4,0,0,0,0,0,0,Acne
9,463,8,33,83,1,41,4,196,918,117,5,87,262,99,1166,0,0,0,0,Bronchial Asthma
100,98,256,26,57,1249,755,14,69,157,523,562,149,64,1,211,408,31,6,0,urinary tract infection
307,219,40,1241,659,98,397,536,36,35,4,52,111,431,405,149,0,0,0,0,urinary tract infection
1,126,180,360,17,45,44,73,375,5,42,8,4,29,17,71,146,0,0,0,Dimorphic Hemorrhoids
11,104,27,56,165,2,37,58,12,9,3,175,65,76,120,145,6,66,0,0,Jaundice
68,927,14,199,113,578,130,141,51,928,122,0,0,0,0,0,0,0,0,0,Migraine
1,116,1310,789,680,591,681,417,84,706,174,436,682,4,0,0,0,0,0,0,drug reaction
1,37,4,58,298,290,1023,213,317,259,38,56,552,12,9,14,36,6,0,0,Typhoid
105,14,220,290,500,93,131,36,6,126,236,118,313,547,5,158,0,0,0,0,Typhoid
51,365,797,978,528,626,111,1367,369,28,99,34,1368,169,1369,794,0,0,0,0,diabetes
51,53,16,1269,133,74,465,18,63,72,166,86,26,0,0,0,0,0,0,0,allergy
1,727,27,3,40,565,13,2,222,153,3,124,456,147,3,159,16,110,176,1072,Fungal infection
1,10,5,423,273,52,250,41,17,19,91,7,39,178,121,8,41,639,204,251,Pneumonia
98,97,938,477,936,1,12,57,201,161,149,70,106,117,629,1243,0,0,0,0,urinary tract infection
584,39,117,39,512,67,53,69,16,9,14,7,83,28,0,0,0,0,0,0,allergy
50,344,163,1340,36,583,47,35,791,596,316,112,5,32,0,0,0,0,0,0,peptic ulcer disease
117,658,14,19,6,81,265,103,51,517,0,0,0,0,0,0,0,0,0,0,Hypertension
1,51,182,219,45,492,44,5,42,73,17,4,1,2,100,95,73,5,42,0,Dimorphic Hemorrhoids
37,50,501,52,111,213,114,7,39,56,7,49,116,13,3,5,331,0,0,0,Chicken pox
750,909,1,10,5,83,33,85,1,18,227,44,185,87,327,133,9,5,12,18,Bronchial Asthma
222,6,36,119,118,313,615,282,267,171,16,127,9,68,30,14,0,0,0,0,Typhoid
68,344,18,254,82,1,343,312,31,29,1,11,15,6,66,433,574,0,0,0,Cervical spondylosis
437,4,23,22,271,3,740,72,47,297,304,52,250,187,0,0,0,0,0,0,allergy
12,9,24,77,13,26,7,49,501,37,50,291,33,555,5,158,0,0,0,0,Chicken pox
1,12,9,30,104,27,64,14,102,4,1,4,612,21,35,38,0,0,0,0,Malaria
75,24,77,54,48,63,164,10,1050,172,161,193,1051,127,9,0,0,0,0,0,Dengue
11,25,9,131,6,282,72,14,7,83,1056,301,0,0,0,0,0,0,0,0,Dengue
13,31,19,302,26,173,3,583,74,309,28,40,673,26,541,0,0,0,0,0,drug reaction
1,10,5,273,83,85,1,41,4,19,6,91,357,5,468,18,96,393,732,251,Pneumonia
622,6,145,242,414,2,182,172,56,7,226,0,0,0,0,0,0,0,0,0,Typhoid
12,9,24,23,280,184,55,23,32,65,454,455,337,0,0,0,0,0,0,0,Impetigo
92,27,56,165,2,37,58,12,9,3,175,65,76,120,2,11,145,6,0,0,Jaundice
298,290,13,86,383,25,32,23,715,417,65,558,300,144,716,32,46,0,0,0,Impetigo
1348,371,58,87,28,966,31,307,597,16,496,6,29,202,35,317,107,0,0,0,peptic ulcer disease
8,41,460,5,398,121,880,137,216,1089,466,52,97,114,19,17,21,20,32,66,Common Cold
68,104,319,30,38,12,9,1,2,10,5,340,68,14,137,109,21,17,4,7,Malaria
92,127,9,14,134,23,184,55,13,15,182,413,28,495,0,0,0,0,0,0,Impetigo
654,1,332,74,18,51,53,12,9,8,288,4,121,10,20,33,49,0,0,0,Bronchial Asthma
3,279,136,330,305,442,279,69,131,181,801,200,0,0,0,0,0,0,0,0,Psoriasis
126,260,6,5,42,6,105,93,5,707,385,410,0,0,0,0,0,0,0,0,Typhoid
336,209,14,19,6,81,758,1198,106,177,186,195,1199,0,0,0,0,0,0,0,Hypertension
23,22,187,28,78,166,86,39,271,184,72,52,250,187,304,187,0,0,0,0,allergy
8,198,441,441,677,757,721,678,144,93,74,63,442,3,105,20,74,66,0,0,drug reaction
1,4,571,88,85,68,30,238,18,12,57,1,109,358,318,10,194,33,19,35,Pneumonia
68,14,19,6,2,209,1178,103,88,60,1,572,87,195,0,0,0,0,0,0,Hypertension
378,798,3,3,13,350,3,314,599,598,503,66,0,0,0,0,0,0,0,0,diabetes
26,1,319,317,3,84,24,75,62,60,47,16,457,303,110,62,66,222,153,124,Fungal infection
420,259,12,9,553,387,325,919,55,107,46,10,1170,121,311,1171,920,498,0,0,Bronchial Asthma
1,223,705,85,1,2,116,208,113,0,0,0,0,0,0,0,0,0,0,0,Migraine
571,88,202,1272,86,691,61,72,27,74,465,18,0,0,0,0,0,0,0,0,allergy
655,343,699,246,88,258,74,18,67,53,12,9,240,121,880,2,10,33,83,0,Bronchial Asthma
914,1159,1,11,399,133,128,18,12,9,1,2,288,4,125,197,217,8,10,20,Bronchial Asthma
790,113,281,105,93,8,638,160,129,2,47,963,521,433,0,0,0,0,0,0,diabetes
145,6,16,93,950,481,7,29,213,323,122,439,264,122,78,16,451,95,0,0,peptic ulcer disease
92,31,6,344,18,82,54,48,15,17,10,140,103,0,0,0,0,0,0,0,Cervical spondylosis
1,11,67,53,344,18,569,1,288,4,125,197,217,2,321,12,57,259,912,8,Bronchial Asthma
438,368,115,40,16,19,29,607,31,15,586,54,214,1282,19,0,0,0,0,0,gastroesophageal reflux disease
228,13,507,3,90,62,430,237,354,60,3,71,221,0,0,0,0,0,0,0,Acne
10,520,46,336,75,14,19,6,81,150,87,195,186,106,0,0,0,0,0,0,Hypertension
230,342,572,71,146,13,26,270,138,62,90,89,3,2,647,89,4,0,0,0,Acne
1,11,205,82,15,21,45,106,43,537,87,150,156,105,59,60,101,71,42,0,Arthritis
1296,379,58,784,84,697,208,50,479,124,122,0,0,0,0,0,0,0,0,0,drug reaction
21,20,33,15,59,43,61,642,895,470,747,331,10,59,101,1117,42,0,0,0,Arthritis
11,346,79,14,199,231,113,66,137,163,59,15,232,189,142,188,117,707,385,410,Migraine
1332,58,154,67,966,58,6,29,1333,502,597,107,123,146,0,0,0,0,0,0,peptic ulcer disease
8,4,51,180,286,85,87,44,17,73,5,23,276,44,5,32,8,5,42,0,Dimorphic Hemorrhoids
48,166,84,93,298,447,46,381,100,315,616,3,20,540,0,0,0,0,0,0,Varicose Veins
136,112,22,159,7,39,181,2,47,16,480,206,329,183,7,108,0,0,0,0,gastroesophageal reflux disease
228,13,507,3,90,62,430,237,354,60,3,71,221,0,0,0,0,0,0,0,Acne
11,346,79,14,199,231,113,66,137,163,59,15,232,189,142,188,117,707,385,410,Migraine
12,57,56,30,25,27,64,1,102,4,14,1,2,356,38,21,35,0,0,0,Malaria
12,9,25,27,30,56,64,1,102,4,14,1,2,356,38,21,35,0,0,0,Malaria
7,39,122,130,674,22,19,29,493,93,8,516,112,40,168,79,482,0,0,0,gastroesophageal reflux disease
11,224,165,12,9,13,184,55,107,13,63,183,34,308,0,0,0,0,0,0,Impetigo
52,878,187,55,321,8,2,135,398,49,1,41,4,9,2,5,12,66,351,0,Common Cold
1,31,6,18,227,44,185,254,82,1,11,15,6,574,103,497,0,0,0,0,Cervical spondylosis
157,255,30,38,12,57,474,68,14,8,2,102,4,1,2,356,38,21,35,0,Malaria
1,151,18,273,46,86,83,216,426,64,19,17,96,1,41,52,97,21,151,6,Common Cold
218,31,6,128,18,82,21,15,17,94,81,154,103,0,0,0,0,0,0,0,Cervical spondylosis
302,26,173,13,31,19,78,3,626,74,309,69,203,26,1323,0,0,0,0,0,drug reaction
22,7,772,122,130,674,516,183,19,6,159,168,79,112,783,0,0,0,0,0,gastroesophageal reflux disease
1,41,460,46,2,571,88,9,463,8,33,129,117,5,177,431,0,0,0,0,Bronchial Asthma
8,10,5,83,33,85,1,18,227,44,185,53,84,653,9,5,12,18,1,288,Bronchial Asthma
69,437,339,55,72,148,40,339,40,18,167,17,135,0,0,0,0,0,0,0,allergy
68,14,79,130,141,137,50,23,15,471,347,142,188,2,10,199,231,113,0,0,Migraine
342,230,14,19,6,46,1190,1,2,10,140,345,212,0,0,0,0,0,0,0,Hypertension
11,551,143,298,447,46,386,377,495,382,134,314,192,414,0,0,0,0,0,0,Varicose Veins
25,27,56,2,83,37,58,9,12,3,175,65,76,120,11,145,6,0,0,0,Jaundice
1,10,5,33,273,85,18,227,44,185,17,19,18,91,428,121,8,886,732,870,Pneumonia
21,20,33,15,5,59,43,61,1,11,4,205,132,89,101,2,261,42,0,0,Arthritis
635,759,195,683,684,5,657,51,785,274,40,685,511,0,0,0,0,0,0,0,drug reaction
441,154,379,208,677,441,74,63,1290,240,678,3,2,105,74,0,0,0,0,0,drug reaction
76,40,179,24,5,222,435,11,57,208,159,397,1242,244,70,0,0,0,0,0,urinary tract infection
92,31,6,74,18,265,664,21,15,23,10,140,345,212,0,0,0,0,0,0,Cervical spondylosis
75,3,13,86,15,13,291,24,23,416,158,246,0,0,0,0,0,0,0,0,Impetigo
1,128,36,6,220,290,293,169,498,7,39,56,52,213,114,84,71,33,0,0,Typhoid
14,472,67,244,21,589,675,78,16,241,0,0,0,0,0,0,0,0,0,0,drug reaction
3,610,997,136,31,54,443,291,134,603,374,998,999,2,13,26,0,0,0,0,Psoriasis
69,618,23,22,148,780,22,17,135,2,657,133,2,40,781,0,0,0,0,0,gastroesophageal reflux disease
116,23,86,293,559,848,84,849,418,23,384,32,207,71,34,627,52,111,16,496,Impetigo
1,41,4,10,398,1088,55,20,466,11,641,214,2,4,96,41,6,19,52,97,Common Cold
75,13,26,63,37,50,7,83,46,7,377,444,26,0,0,0,0,0,0,0,Dengue
8,109,358,568,34,327,133,7,20,194,22,196,91,428,19,35,8,41,125,196,Pneumonia
1,5,882,194,1,92,25,18,23,22,1,332,4,30,268,12,57,424,7,83,Common Cold
623,116,1141,13,3,4,138,62,90,86,3,239,4,0,0,0,0,0,0,0,Acne
78,3,304,409,13,8,373,144,108,203,406,370,786,1315,786,566,0,0,0,0,drug reaction
1,218,165,172,18,390,99,34,325,9,12,1,41,4,125,197,217,0,0,0,Bronchial Asthma
1,10,5,33,21,15,5,59,43,166,87,132,89,156,10,59,101,5,32,0,Arthritis
116,143,192,144,115,104,80,4,29,2,543,48,211,297,0,0,0,0,0,0,Varicose Veins
3,373,170,259,74,309,153,11,157,6,43,3,330,305,171,374,0,0,0,0,Psoriasis
3,47,374,13,183,1300,170,370,786,449,47,675,0,0,0,0,0,0,0,0,drug reaction
180,360,5,34,45,182,34,35,44,73,375,5,42,8,4,29,17,71,146,0,Dimorphic Hemorrhoids
46,1,228,18,273,216,466,641,214,1,2,642,96,41,6,19,52,97,114,21,Common Cold
12,9,25,14,52,111,213,114,7,39,56,2,24,77,280,54,5,158,0,0,Chicken pox
92,31,6,665,18,82,254,15,23,88,81,103,0,0,0,0,0,0,0,0,Cervical spondylosis
12,9,174,70,75,23,86,378,184,55,116,23,502,352,503,373,170,0,0,0,Impetigo
68,1214,18,21,82,1,343,312,31,6,64,10,475,580,212,15,252,0,0,0,Cervical spondylosis
19,6,224,38,519,45,19,252,40,634,4,5,687,0,0,0,0,0,0,0,drug reaction
12,9,30,25,27,64,14,102,4,1,10,341,38,21,35,0,0,0,0,0,Malaria
45,1,319,4,3,257,324,333,64,77,3,719,392,351,510,1,209,176,20,32,Fungal infection
897,240,163,23,15,662,350,142,579,1,2,11,130,141,79,115,14,364,366,0,Migraine
43,31,6,538,7,39,632,291,33,26,6,387,195,301,419,7,39,114,0,0,Dengue
118,7,39,112,233,177,169,112,110,277,40,16,515,425,440,663,168,38,263,22,gastroesophageal reflux disease
85,1,5,328,5,32,44,229,1,2,116,100,95,73,5,223,0,0,0,0,Dimorphic Hemorrhoids
92,27,56,165,2,37,58,12,9,3,175,65,76,120,2,11,145,6,0,0,Jaundice
21,6,11,25,7,39,172,35,24,77,26,27,80,4,29,0,0,0,0,0,Dengue
40,238,151,123,107,22,255,21,2,181,42,78,143,391,26,0,0,0,0,0,allergy
75,3,13,291,416,23,416,23,839,711,320,32,207,2,92,12,9,0,0,0,Impetigo
1,12,9,220,46,171,625,118,313,452,80,2,24,77,54,48,61,0,0,0,Chicken pox
68,231,366,137,50,32,15,522,189,201,14,2,11,130,141,79,201,14,0,0,Migraine
1,41,4,45,19,6,10,322,398,49,60,91,883,415,96,18,733,272,0,0,Pneumonia
51,113,576,274,231,11,142,188,0,0,0,0,0,0,0,0,0,0,0,0,Migraine
1342,371,58,243,34,784,58,581,6,29,7,598,597,107,17,317,0,0,0,0,peptic ulcer disease
3,75,151,13,1135,4,90,138,62,458,3,723,221,0,0,0,0,0,0,0,Acne
168,79,159,193,262,213,122,16,524,22,99,34,526,6,278,210,0,0,0,0,gastroesophageal reflux disease
159,79,168,136,112,439,587,122,19,6,93,954,481,60,19,17,4,0,0,0,gastroesophageal reflux disease
1329,1330,163,561,78,16,145,143,791,316,596,112,295,557,283,778,0,0,0,0,peptic ulcer disease
3,75,13,808,184,55,13,245,242,26,5,158,0,0,0,0,0,0,0,0,Impetigo
234,171,134,804,158,118,313,80,2,43,6,13,54,31,0,0,0,0,0,0,Psoriasis
1,11,31,6,128,18,403,54,48,1,51,299,473,918,433,15,17,0,0,0,Cervical spondylosis
15,5,59,1,151,21,82,259,166,43,177,132,101,20,190,0,0,0,0,0,Arthritis
394,1372,559,370,212,263,182,690,7,33,0,0,0,0,0,0,0,0,0,0,diabetes
191,48,84,412,61,494,412,3,17,132,0,0,0,0,0,0,0,0,0,0,Varicose Veins
68,12,9,1,30,56,25,27,476,14,8,2,102,4,1,151,38,21,35,0,Malaria
3,424,900,228,13,430,138,62,90,3,221,267,0,0,0,0,0,0,0,0,Acne
54,48,33,92,31,6,128,18,64,11,15,6,103,88,2,578,81,0,0,0,Cervical spondylosis
1,211,105,23,86,55,614,80,418,23,384,310,207,181,10,3,504,0,0,0,Impetigo
209,67,244,259,27,29,485,13,134,306,234,5,331,0,0,0,0,0,0,0,Psoriasis
420,24,13,266,1066,3,638,27,64,1,334,421,860,77,3,66,110,457,3,392,Fungal infection
10,71,83,33,1,2,41,4,67,53,9,12,8,288,4,121,18,0,0,0,Bronchial Asthma
1,20,49,194,22,20,32,1,459,228,18,1,332,4,30,268,12,57,10,71,Common Cold
235,37,50,12,9,25,14,118,313,452,444,0,0,0,0,0,0,0,0,0,Chicken pox
1,287,5,148,499,129,2,12,9,37,58,3,76,84,65,1,2,11,36,6,Jaundice
13,3,293,267,116,372,279,3,136,3,305,330,5,158,0,0,0,0,0,0,Psoriasis
1168,750,1169,45,1,287,322,129,18,227,44,185,9,5,12,53,84,653,60,1,Bronchial Asthma
436,208,67,517,592,7,432,369,28,16,34,169,201,794,0,0,0,0,0,0,diabetes
1,63,404,68,198,58,8,2,5,49,3,175,65,9,12,36,2,252,45,0,Jaundice
3,75,363,13,90,138,62,354,458,3,723,221,0,0,0,0,0,0,0,0,Acne
689,976,977,434,240,107,22,159,7,74,50,163,240,45,0,0,0,0,0,0,diabetes
46,1,92,14,19,6,505,81,265,103,332,757,93,0,0,0,0,0,0,0,Hypertension
7,160,28,263,200,22,2,75,309,3,78,16,567,72,78,944,0,0,0,0,allergy
8,10,5,226,248,8,414,626,1,311,13,54,48,37,50,7,49,174,46,0,Chicken pox
162,7,129,190,123,107,5,63,22,21,2,570,252,78,563,26,143,0,0,0,allergy
10,520,46,336,75,14,19,6,81,225,87,759,103,106,0,0,0,0,0,0,Hypertension
45,21,287,20,33,15,5,253,61,43,243,34,132,156,144,59,2,5,42,150,Arthritis
151,683,684,243,34,1311,1312,159,685,274,94,785,274,0,0,0,0,0,0,0,drug reaction
8,4,51,182,229,5,32,95,139,1,6,401,73,5,63,223,0,0,0,0,Dimorphic Hemorrhoids
1,104,27,26,131,30,56,9,5,12,1,109,577,2,14,7,226,21,5,32,Malaria
68,366,94,240,50,23,15,522,189,201,14,2,11,130,141,79,115,81,201,296,Migraine
11,25,43,6,183,34,132,717,385,296,2,37,561,7,33,0,0,0,0,0,Dengue
220,290,1,3,13,54,48,19,24,310,74,800,77,222,6,43,0,0,0,0,Psoriasis
1,461,328,85,44,229,17,4,637,73,5,63,1,334,100,95,0,0,0,0,Dimorphic Hemorrhoids
634,353,131,200,855,12,9,13,54,24,153,15,2,507,0,0,0,0,0,0,Dengue
7,83,28,37,123,5,23,22,2,16,766,69,21,35,78,563,26,143,0,0,allergy
52,250,41,8,1090,216,501,426,8,1091,196,19,17,8,624,97,114,21,2,5,Common Cold
1,11,104,27,38,37,58,2,5,49,3,84,65,25,9,120,76,1,36,6,Jaundice
24,395,119,3,1,319,460,60,155,303,110,176,77,124,510,3,147,26,0,0,Fungal infection
11,25,31,6,18,335,44,82,254,15,2,17,10,140,103,0,0,0,0,0,Cervical spondylosis
1,11,30,9,224,36,29,1,318,1020,52,111,16,496,117,0,0,0,0,0,Typhoid
68,104,319,30,38,12,9,1,2,10,5,340,14,2,102,4,1,42,38,21,Malaria
1,37,4,511,139,95,258,595,594,688,397,7,459,33,0,0,0,0,0,0,peptic ulcer disease
48,80,4,29,824,7,550,61,191,490,32,7,160,28,0,0,0,0,0,0,Varicose Veins
1,5,63,85,324,77,3,2,119,249,124,510,147,3,1,155,393,87,0,0,Fungal infection
45,1,94,284,219,182,322,34,17,64,1,11,401,400,95,139,73,2,20,27,Dimorphic Hemorrhoids
8,25,36,6,126,174,70,16,14,30,298,46,5,32,0,0,0,0,0,0,Typhoid
47,51,233,122,263,22,151,133,146,123,107,0,0,0,0,0,0,0,0,0,gastroesophageal reflux disease
14,472,67,244,1,462,353,78,84,241,0,0,0,0,0,0,0,0,0,0,drug reaction
406,391,46,70,181,278,210,40,16,224,226,971,168,79,0,0,0,0,0,0,peptic ulcer disease
1,11,25,26,255,68,30,38,1,102,4,71,12,9,7,108,36,14,21,252,Malaria
968,1341,183,36,7,6,112,122,570,264,122,47,16,451,95,203,0,0,0,0,peptic ulcer disease
